-- ----------------------------
-- Records of ref_jenis_vendor
-- ----------------------------
INSERT INTO ref_jenis_vendor ("kode_jenis_vendor", "jenis_vendor") VALUES (1, 'Perusahaan');
INSERT INTO ref_jenis_vendor ("kode_jenis_vendor", "jenis_vendor") VALUES (2, 'Perorangan');


-- ----------------------------
-- Records of ref_kategori_item
-- ----------------------------
INSERT INTO ref_kategori_item VALUES (1, 'Identitas Diri');
INSERT INTO ref_kategori_item VALUES (2, 'Bank');
INSERT INTO ref_kategori_item VALUES (3, 'Ketentuan Bank');
INSERT INTO ref_kategori_item VALUES (4, 'Data Pribadi Administrasi');
INSERT INTO ref_kategori_item VALUES (5, 'NPWP Pribadi');
INSERT INTO ref_kategori_item VALUES (6, 'Ketentuan Administrasi');
INSERT INTO ref_kategori_item VALUES (7, 'Akta Pendirian');
INSERT INTO ref_kategori_item VALUES (8, 'Perubahan Terakhir Pendirian');
INSERT INTO ref_kategori_item VALUES (9, 'Ketentuan Landasan Pendirian');
INSERT INTO ref_kategori_item VALUES (10, 'Komisaris PT');
INSERT INTO ref_kategori_item VALUES (11, 'Direksi Badan Usaha');
INSERT INTO ref_kategori_item VALUES (12, 'Ketentuan Badan Usaha');
INSERT INTO ref_kategori_item VALUES (13, 'Izin Usaha');
INSERT INTO ref_kategori_item VALUES (14, 'Ketentuan Izin Usaha');
INSERT INTO ref_kategori_item VALUES (15, 'Susunan Kepemilikan');
INSERT INTO ref_kategori_item VALUES (16, 'Ketentuan Susunan Kepemilikan');
INSERT INTO ref_kategori_item VALUES (17, 'Data Keuangan');
INSERT INTO ref_kategori_item VALUES (18, 'Ketentuan Data Keuangan');
INSERT INTO ref_kategori_item VALUES (19, 'Data Teknis Pengalaman');
INSERT INTO ref_kategori_item VALUES (20, 'Sertifikat Ijazah Terakhir');
INSERT INTO ref_kategori_item VALUES (21, 'Ketentuan Data Teknis');
INSERT INTO ref_kategori_item VALUES (22, 'Data Personalia');
INSERT INTO ref_kategori_item VALUES (23, 'Ketentuan Data Personalia');
INSERT INTO ref_kategori_item VALUES (24, 'Data Fasilitas');
INSERT INTO ref_kategori_item VALUES (25, 'Direksi Badan Usaha');
INSERT INTO ref_kategori_item VALUES (26, 'Ketentuan Data Fasilitas');
INSERT INTO ref_kategori_item VALUES (27, 'Pengalaman kurun waktu 10');
INSERT INTO ref_kategori_item VALUES (28, 'Pengalaman Kurun waktu 3 tahun');
INSERT INTO ref_kategori_item VALUES (29, 'Pekerjaan Saat Ini');
INSERT INTO ref_kategori_item VALUES (30, 'Ketentuan Pengalaman');



-- ----------------------------
-- Records of ref_item_tanya
-- ----------------------------
INSERT INTO ref_item_tanya VALUES (27, 'Alamat', NULL, 'text', 1, 'default', 2, 1, NULL, NULL, '2024-06-27 13:31:52.817+07', '2024-06-27 13:31:52.817+07');
INSERT INTO ref_item_tanya VALUES (28, 'Nomor Handphone', NULL, 'angka', 1, 'default', 2, 1, NULL, NULL, '2024-06-27 13:31:52.819+07', '2024-06-27 13:31:52.819+07');
INSERT INTO ref_item_tanya VALUES (29, 'Nomor Fax', NULL, 'angka', 1, 'default', 2, 1, NULL, NULL, '2024-06-27 13:31:52.821+07', '2024-06-27 13:31:52.821+07');
INSERT INTO ref_item_tanya VALUES (30, 'Email', NULL, 'text', 1, 'default', 2, 1, NULL, NULL, '2024-06-27 13:31:52.823+07', '2024-06-27 13:31:52.823+07');
INSERT INTO ref_item_tanya VALUES (32, 'Nama Pemilik Bank', NULL, 'text', 2, 'default', 2, 1, NULL, NULL, '2024-06-27 13:31:52.827+07', '2024-06-27 13:31:52.827+07');
INSERT INTO ref_item_tanya VALUES (33, 'Nomor Rekening Bank', NULL, 'angka', 2, 'default', 2, 1, NULL, NULL, '2024-06-27 13:31:52.829+07', '2024-06-27 13:31:52.829+07');
INSERT INTO ref_item_tanya VALUES (34, 'Scan Buku Rekening', NULL, 'file', 2, 'default', 2, 1, NULL, NULL, '2024-06-27 13:31:52.83+07', '2024-06-27 13:31:52.83+07');
INSERT INTO ref_item_tanya VALUES (35, 'Scan Form Ikut Serta', NULL, 'file', 2, 'default', 2, 1, NULL, NULL, '2024-06-27 13:31:52.832+07', '2024-06-27 13:31:52.832+07');
INSERT INTO ref_item_tanya VALUES (36, 'Scan Surat Kuasa', NULL, 'file', 2, 'default', 2, 1, NULL, NULL, '2024-06-27 13:31:52.835+07', '2024-06-27 13:31:52.835+07');
INSERT INTO ref_item_tanya VALUES (37, 'Nomor', NULL, 'text', 7, 'default', 3, 1, NULL, NULL, '2024-06-27 13:31:52.836+07', '2024-06-27 13:31:52.836+07');
INSERT INTO ref_item_tanya VALUES (38, 'Tanggal', NULL, 'text', 7, 'default', 3, 1, NULL, NULL, '2024-06-27 13:31:52.838+07', '2024-06-27 13:31:52.838+07');
INSERT INTO ref_item_tanya VALUES (39, 'Nama Notaris', NULL, 'text', 7, 'default', 3, 1, NULL, NULL, '2024-06-27 13:31:52.839+07', '2024-06-27 13:31:52.839+07');
INSERT INTO ref_item_tanya VALUES (40, 'Nomor Pengesahan/pendaftaran', NULL, 'text', 7, 'default', 3, 1, NULL, NULL, '2024-06-27 13:31:52.841+07', '2024-06-27 13:31:52.841+07');
INSERT INTO ref_item_tanya VALUES (41, 'Scan', NULL, 'file', 7, 'default', 3, 1, NULL, NULL, '2024-06-27 13:31:52.843+07', '2024-06-27 13:31:52.843+07');
INSERT INTO ref_item_tanya VALUES (42, 'Nomor', NULL, 'text', 8, 'default', 3, 1, NULL, NULL, '2024-06-27 13:31:52.845+07', '2024-06-27 13:31:52.845+07');
INSERT INTO ref_item_tanya VALUES (43, 'Tanggal', NULL, 'text', 8, 'default', 3, 1, NULL, NULL, '2024-06-27 13:31:52.847+07', '2024-06-27 13:31:52.847+07');
INSERT INTO ref_item_tanya VALUES (44, 'Nama Notaris', NULL, 'text', 8, 'default', 3, 1, NULL, NULL, '2024-06-27 13:31:52.848+07', '2024-06-27 13:31:52.848+07');
INSERT INTO ref_item_tanya VALUES (45, 'Nomor Pengesahan/pendaftaran', NULL, 'text', 8, 'default', 3, 1, NULL, NULL, '2024-06-27 13:31:52.851+07', '2024-06-27 13:31:52.851+07');
INSERT INTO ref_item_tanya VALUES (46, 'Scan', NULL, 'file', 8, 'default', 3, 1, NULL, NULL, '2024-06-27 13:31:52.853+07', '2024-06-27 13:31:52.853+07');
INSERT INTO ref_item_tanya VALUES (47, 'Sapaan', NULL, 'text', 10, 'default', 3, 1, NULL, NULL, '2024-06-27 13:31:52.854+07', '2024-06-27 13:31:52.854+07');
INSERT INTO ref_item_tanya VALUES (48, 'Jabatan', NULL, 'text', 10, 'default', 3, 1, NULL, NULL, '2024-06-27 13:31:52.855+07', '2024-06-27 13:31:52.855+07');
INSERT INTO ref_item_tanya VALUES (49, 'Nama Lengkap', NULL, 'text', 10, 'default', 3, 1, NULL, NULL, '2024-06-27 13:31:52.856+07', '2024-06-27 13:31:52.856+07');
INSERT INTO ref_item_tanya VALUES (50, 'Nomor Handphone', NULL, 'angka', 10, 'default', 3, 1, NULL, NULL, '2024-06-27 13:31:52.859+07', '2024-06-27 13:31:52.859+07');
INSERT INTO ref_item_tanya VALUES (51, 'NIK', NULL, 'angka', 10, 'default', 3, 1, NULL, NULL, '2024-06-27 13:31:52.86+07', '2024-06-27 13:31:52.86+07');
INSERT INTO ref_item_tanya VALUES (52, 'Scan KTP', NULL, 'file', 10, 'default', 3, 1, NULL, NULL, '2024-06-27 13:31:52.862+07', '2024-06-27 13:31:52.862+07');
INSERT INTO ref_item_tanya VALUES (53, 'Sapaan', NULL, 'text', 11, 'default', 3, 1, NULL, NULL, '2024-06-27 13:31:52.864+07', '2024-06-27 13:31:52.864+07');
INSERT INTO ref_item_tanya VALUES (54, 'Jabatan', NULL, 'text', 11, 'default', 3, 1, NULL, NULL, '2024-06-27 13:31:52.865+07', '2024-06-27 13:31:52.865+07');
INSERT INTO ref_item_tanya VALUES (56, 'Nomor Handphone', NULL, 'angka', 11, 'default', 3, 1, NULL, NULL, '2024-06-27 13:31:52.87+07', '2024-06-27 13:31:52.87+07');
INSERT INTO ref_item_tanya VALUES (57, 'NIK', NULL, 'angka', 11, 'default', 3, 1, NULL, NULL, '2024-06-27 13:31:52.873+07', '2024-06-27 13:31:52.873+07');
INSERT INTO ref_item_tanya VALUES (58, 'Scan KTP', NULL, 'file', 11, 'default', 3, 1, NULL, NULL, '2024-06-27 13:31:52.876+07', '2024-06-27 13:31:52.876+07');
INSERT INTO ref_item_tanya VALUES (59, 'Nama Izin Usaha', NULL, 'text', 13, 'default', 3, 1, NULL, NULL, '2024-06-27 13:31:52.878+07', '2024-06-27 13:31:52.878+07');
INSERT INTO ref_item_tanya VALUES (60, 'Nomor', NULL, 'angka', 13, 'default', 3, 1, NULL, NULL, '2024-06-27 13:31:52.88+07', '2024-06-27 13:31:52.88+07');
INSERT INTO ref_item_tanya VALUES (61, 'Masa Berlaku', NULL, 'text', 13, 'default', 3, 1, NULL, NULL, '2024-06-27 13:31:52.882+07', '2024-06-27 13:31:52.882+07');
INSERT INTO ref_item_tanya VALUES (62, 'Instansi Pemberi Izin', NULL, 'text', 13, 'default', 3, 1, NULL, NULL, '2024-06-27 13:31:52.884+07', '2024-06-27 13:31:52.884+07');
INSERT INTO ref_item_tanya VALUES (63, 'Kualifikasi Usaha', NULL, 'text', 13, 'default', 3, 1, NULL, NULL, '2024-06-27 13:31:52.886+07', '2024-06-27 13:31:52.886+07');
INSERT INTO ref_item_tanya VALUES (64, 'Klarifikasi Usaha', NULL, 'text', 13, 'default', 3, 1, NULL, NULL, '2024-06-27 13:31:52.887+07', '2024-06-27 13:31:52.887+07');
INSERT INTO ref_item_tanya VALUES (65, 'No TDP', NULL, 'angka', 13, 'default', 3, 1, NULL, NULL, '2024-06-27 13:31:52.888+07', '2024-06-27 13:31:52.888+07');
INSERT INTO ref_item_tanya VALUES (66, 'Scan', NULL, 'file', 13, 'default', 3, 1, NULL, NULL, '2024-06-27 13:31:52.891+07', '2024-06-27 13:31:52.891+07');
INSERT INTO ref_item_tanya VALUES (67, 'Sapaan', NULL, 'text', 15, 'default', 3, 1, NULL, NULL, '2024-06-27 13:31:52.893+07', '2024-06-27 13:31:52.893+07');
INSERT INTO ref_item_tanya VALUES (68, 'Nama', NULL, 'text', 15, 'default', 3, 1, NULL, NULL, '2024-06-27 13:31:52.895+07', '2024-06-27 13:31:52.895+07');
INSERT INTO ref_item_tanya VALUES (69, 'Nomor KTP', NULL, 'angka', 15, 'default', 3, 1, NULL, NULL, '2024-06-27 13:31:52.897+07', '2024-06-27 13:31:52.897+07');
INSERT INTO ref_item_tanya VALUES (70, 'Alamat', NULL, 'text', 15, 'default', 3, 1, NULL, NULL, '2024-06-27 13:31:52.899+07', '2024-06-27 13:31:52.899+07');
INSERT INTO ref_item_tanya VALUES (71, 'Persentase', NULL, 'angka', 15, 'default', 3, 1, NULL, NULL, '2024-06-27 13:31:52.902+07', '2024-06-27 13:31:52.902+07');
INSERT INTO ref_item_tanya VALUES (72, 'Scan', NULL, 'file', 15, 'default', 3, 1, NULL, NULL, '2024-06-27 13:31:52.904+07', '2024-06-27 13:31:52.904+07');
INSERT INTO ref_item_tanya VALUES (73, 'Nama', NULL, 'text', 20, 'default', 4, 1, NULL, NULL, '2024-06-27 13:31:52.905+07', '2024-06-27 13:31:52.905+07');
INSERT INTO ref_item_tanya VALUES (74, 'Scan', NULL, 'file', 20, 'default', 4, 1, NULL, NULL, '2024-06-27 13:31:52.907+07', '2024-06-27 13:31:52.907+07');
INSERT INTO ref_item_tanya VALUES (75, 'Sapaan', NULL, 'text', 22, 'default', 4, 1, NULL, NULL, '2024-06-27 13:31:52.91+07', '2024-06-27 13:31:52.91+07');
INSERT INTO ref_item_tanya VALUES (76, 'Nama', NULL, 'text', 22, 'default', 4, 1, NULL, NULL, '2024-06-27 13:31:52.912+07', '2024-06-27 13:31:52.912+07');
INSERT INTO ref_item_tanya VALUES (78, 'Tingkat Pendidikan', NULL, 'text', 22, 'default', 4, 1, NULL, NULL, '2024-06-27 13:31:52.915+07', '2024-06-27 13:31:52.915+07');
INSERT INTO ref_item_tanya VALUES (79, 'Jabatan', NULL, 'text', 22, 'default', 4, 1, NULL, NULL, '2024-06-27 13:31:52.917+07', '2024-06-27 13:31:52.917+07');
INSERT INTO ref_item_tanya VALUES (80, 'Pengalaman Kerja', NULL, 'text', 22, 'default', 4, 1, NULL, NULL, '2024-06-27 13:31:52.919+07', '2024-06-27 13:31:52.919+07');
INSERT INTO ref_item_tanya VALUES (81, 'Profesi/Keahlian', NULL, 'text', 22, 'default', 4, 1, NULL, NULL, '2024-06-27 13:31:52.92+07', '2024-06-27 13:31:52.92+07');
INSERT INTO ref_item_tanya VALUES (82, 'Sertifikat/Ijazah', NULL, 'text', 22, 'default', 4, 1, NULL, NULL, '2024-06-27 13:31:52.921+07', '2024-06-27 13:31:52.921+07');
INSERT INTO ref_item_tanya VALUES (83, 'File', NULL, 'file', 22, 'default', 4, 1, NULL, NULL, '2024-06-27 13:31:52.923+07', '2024-06-27 13:31:52.923+07');
INSERT INTO ref_item_tanya VALUES (84, 'Jenis Fasilitas/Peralatan', NULL, 'text', 24, 'default', 4, 1, NULL, NULL, '2024-06-27 13:31:52.926+07', '2024-06-27 13:31:52.926+07');
INSERT INTO ref_item_tanya VALUES (85, 'Jumlah', NULL, 'text', 24, 'default', 4, 1, NULL, NULL, '2024-06-27 13:31:52.928+07', '2024-06-27 13:31:52.928+07');
INSERT INTO ref_item_tanya VALUES (86, 'Kapasitas atau Output saat ini', NULL, 'text', 24, 'default', 4, 1, NULL, NULL, '2024-06-27 13:31:52.929+07', '2024-06-27 13:31:52.929+07');
INSERT INTO ref_item_tanya VALUES (87, 'Merk dan Tipe', NULL, 'text', 24, 'default', 4, 1, NULL, NULL, '2024-06-27 13:31:52.931+07', '2024-06-27 13:31:52.931+07');
INSERT INTO ref_item_tanya VALUES (88, 'Tahun Pembuatan', NULL, 'text', 24, 'default', 4, 1, NULL, NULL, '2024-06-27 13:31:52.934+07', '2024-06-27 13:31:52.934+07');
INSERT INTO ref_item_tanya VALUES (89, 'Kondisi %', NULL, 'text', 24, 'default', 4, 1, NULL, NULL, '2024-06-27 13:31:52.936+07', '2024-06-27 13:31:52.936+07');
INSERT INTO ref_item_tanya VALUES (1, 'Nama', NULL, 'text', 1, 'default', 2, 2, NULL, NULL, '2024-06-27 13:31:52.754+07', '2024-06-27 13:31:52.754+07');
INSERT INTO ref_item_tanya VALUES (2, 'Domisili', NULL, 'text', 1, 'default', 2, 2, NULL, NULL, '2024-06-27 13:31:52.763+07', '2024-06-27 13:31:52.763+07');
INSERT INTO ref_item_tanya VALUES (3, 'Alamat', NULL, 'text', 1, 'default', 2, 2, NULL, NULL, '2024-06-27 13:31:52.765+07', '2024-06-27 13:31:52.765+07');
INSERT INTO ref_item_tanya VALUES (4, 'Nomor Handphone', NULL, 'angka', 1, 'default', 2, 2, NULL, NULL, '2024-06-27 13:31:52.769+07', '2024-06-27 13:31:52.769+07');
INSERT INTO ref_item_tanya VALUES (5, 'Nomor Telepon', NULL, 'angka', 1, 'default', 2, 2, NULL, NULL, '2024-06-27 13:31:52.771+07', '2024-06-27 13:31:52.771+07');
INSERT INTO ref_item_tanya VALUES (6, 'Email', NULL, 'text', 1, 'default', 2, 2, NULL, NULL, '2024-06-27 13:31:52.774+07', '2024-06-27 13:31:52.774+07');
INSERT INTO ref_item_tanya VALUES (7, 'Nama Bank', NULL, 'text', 2, 'default', 2, 2, NULL, NULL, '2024-06-27 13:31:52.778+07', '2024-06-27 13:31:52.778+07');
INSERT INTO ref_item_tanya VALUES (8, 'Nama Pemilik Bank', NULL, 'text', 2, 'default', 2, 2, NULL, NULL, '2024-06-27 13:31:52.781+07', '2024-06-27 13:31:52.781+07');
INSERT INTO ref_item_tanya VALUES (10, 'Scan Buku Rekening', NULL, 'file', 2, 'default', 2, 2, NULL, NULL, '2024-06-27 13:31:52.786+07', '2024-06-27 13:31:52.786+07');
INSERT INTO ref_item_tanya VALUES (11, 'Scan Form Ikut Serta', NULL, 'file', 2, 'default', 2, 2, NULL, NULL, '2024-06-27 13:31:52.788+07', '2024-06-27 13:31:52.788+07');
INSERT INTO ref_item_tanya VALUES (12, 'Surat Keterangan Domisili', NULL, 'text', 4, 'default', 3, 2, NULL, NULL, '2024-06-27 13:31:52.79+07', '2024-06-27 13:31:52.79+07');
INSERT INTO ref_item_tanya VALUES (13, 'Kartu Tanda Penduduk', NULL, 'text', 4, 'default', 3, 2, NULL, NULL, '2024-06-27 13:31:52.793+07', '2024-06-27 13:31:52.793+07');
INSERT INTO ref_item_tanya VALUES (14, 'NPWP Pribadi', NULL, 'text', 5, 'default', 3, 2, NULL, NULL, '2024-06-27 13:31:52.795+07', '2024-06-27 13:31:52.795+07');
INSERT INTO ref_item_tanya VALUES (15, 'Scan NPWP Pribadi', NULL, 'file', 5, 'default', 3, 2, NULL, NULL, '2024-06-27 13:31:52.796+07', '2024-06-27 13:31:52.796+07');
INSERT INTO ref_item_tanya VALUES (16, 'Bukti Lapor Pajak Terakhir', NULL, 'file', 5, 'default', 3, 2, NULL, NULL, '2024-06-27 13:31:52.799+07', '2024-06-27 13:31:52.799+07');
INSERT INTO ref_item_tanya VALUES (17, 'Scan SKB PPh 23', NULL, 'file', 5, 'default', 3, 2, NULL, NULL, '2024-06-27 13:31:52.801+07', '2024-06-27 13:31:52.801+07');
INSERT INTO ref_item_tanya VALUES (18, 'Scan SK PP 23', NULL, 'file', 5, 'default', 3, 2, NULL, NULL, '2024-06-27 13:31:52.803+07', '2024-06-27 13:31:52.803+07');
INSERT INTO ref_item_tanya VALUES (19, 'Nama', NULL, 'text', 19, 'default', 4, 2, NULL, NULL, '2024-06-27 13:31:52.804+07', '2024-06-27 13:31:52.804+07');
INSERT INTO ref_item_tanya VALUES (20, 'Scan', NULL, 'file', 19, 'default', 4, 2, NULL, NULL, '2024-06-27 13:31:52.805+07', '2024-06-27 13:31:52.805+07');
INSERT INTO ref_item_tanya VALUES (21, 'Nama', NULL, 'text', 20, 'default', 4, 2, NULL, NULL, '2024-06-27 13:31:52.806+07', '2024-06-27 13:31:52.806+07');
INSERT INTO ref_item_tanya VALUES (22, 'Scan', NULL, 'file', 20, 'default', 4, 2, NULL, NULL, '2024-06-27 13:31:52.809+07', '2024-06-27 13:31:52.809+07');
INSERT INTO ref_item_tanya VALUES (23, 'Laporan Keuangan', NULL, 'text', 17, 'default', 5, 2, NULL, NULL, '2024-06-27 13:31:52.81+07', '2024-06-27 13:31:52.81+07');
INSERT INTO ref_item_tanya VALUES (24, 'Scan', NULL, 'file', 17, 'default', 5, 2, NULL, NULL, '2024-06-27 13:31:52.812+07', '2024-06-27 13:31:52.812+07');
INSERT INTO ref_item_tanya VALUES (26, 'Domisili', NULL, 'text', 1, 'default', 2, 1, NULL, NULL, '2024-06-27 13:31:52.815+07', '2024-06-27 13:31:52.815+07');
INSERT INTO ref_item_tanya VALUES (156, 'h', NULL, NULL, NULL, NULL, NULL, NULL, NULL, NULL, NULL, NULL);
INSERT INTO ref_item_tanya VALUES (91, 'Scan', NULL, 'file', 24, 'default', 4, 1, NULL, NULL, '2024-06-27 13:31:52.939+07', '2024-06-27 13:31:52.939+07');
INSERT INTO ref_item_tanya VALUES (92, 'Sapaan', NULL, 'text', 11, 'default', 3, 1, NULL, NULL, '2024-06-27 13:31:52.94+07', '2024-06-27 13:31:52.94+07');
INSERT INTO ref_item_tanya VALUES (93, 'Jabatan', NULL, 'text', 11, 'default', 3, 1, NULL, NULL, '2024-06-27 13:31:52.942+07', '2024-06-27 13:31:52.942+07');
INSERT INTO ref_item_tanya VALUES (94, 'Nama Lengkap', NULL, 'text', 11, 'default', 3, 1, NULL, NULL, '2024-06-27 13:31:52.943+07', '2024-06-27 13:31:52.943+07');
INSERT INTO ref_item_tanya VALUES (95, 'Nomor Handphone', NULL, 'angka', 11, 'default', 3, 1, NULL, NULL, '2024-06-27 13:31:52.945+07', '2024-06-27 13:31:52.945+07');
INSERT INTO ref_item_tanya VALUES (96, 'NIK', NULL, 'angka', 11, 'default', 3, 1, NULL, NULL, '2024-06-27 13:31:52.946+07', '2024-06-27 13:31:52.946+07');
INSERT INTO ref_item_tanya VALUES (97, 'Scan KTP', NULL, 'file', 11, 'default', 3, 1, NULL, NULL, '2024-06-27 13:31:52.947+07', '2024-06-27 13:31:52.947+07');
INSERT INTO ref_item_tanya VALUES (98, 'Nama Paket Pekerjaan', NULL, 'text', 27, 'default', 4, 1, NULL, NULL, '2024-06-27 13:31:52.948+07', '2024-06-27 13:31:52.948+07');
INSERT INTO ref_item_tanya VALUES (99, 'Divisi, kelompok (grup)', NULL, 'text', 27, 'default', 4, 1, NULL, NULL, '2024-06-27 13:31:52.951+07', '2024-06-27 13:31:52.951+07');
INSERT INTO ref_item_tanya VALUES (100, 'Ringkasan Lingkup Pekerjaan', NULL, 'text', 27, 'default', 4, 1, NULL, NULL, '2024-06-27 13:31:52.953+07', '2024-06-27 13:31:52.953+07');
INSERT INTO ref_item_tanya VALUES (101, 'Lokasi', NULL, 'text', 27, 'default', 4, 1, NULL, NULL, '2024-06-27 13:31:52.954+07', '2024-06-27 13:31:52.954+07');
INSERT INTO ref_item_tanya VALUES (102, 'Nama Pemberi Pekerjaan', NULL, 'text', 27, 'default', 4, 1, NULL, NULL, '2024-06-27 13:31:52.956+07', '2024-06-27 13:31:52.956+07');
INSERT INTO ref_item_tanya VALUES (103, 'Alamat/Telepon Pemberi Pekerjaan', NULL, 'text', 27, 'default', 4, 1, NULL, NULL, '2024-06-27 13:31:52.958+07', '2024-06-27 13:31:52.958+07');
INSERT INTO ref_item_tanya VALUES (104, 'Nomor/Tanggal Kontrak', NULL, 'text', 27, 'default', 4, 1, NULL, NULL, '2024-06-27 13:31:52.96+07', '2024-06-27 13:31:52.96+07');
INSERT INTO ref_item_tanya VALUES (105, 'Nilai Kontrak', NULL, 'text', 27, 'default', 4, 1, NULL, NULL, '2024-06-27 13:31:52.961+07', '2024-06-27 13:31:52.961+07');
INSERT INTO ref_item_tanya VALUES (106, 'Status Penyedia dalam Pelaksanaan Pekerjaan', NULL, 'text', 27, 'default', 4, 1, NULL, NULL, '2024-06-27 13:31:52.962+07', '2024-06-27 13:31:52.962+07');
INSERT INTO ref_item_tanya VALUES (107, 'Tanggal Selesai berdasarkan Kontrak', NULL, 'text', 27, 'default', 4, 1, NULL, NULL, '2024-06-27 13:31:52.964+07', '2024-06-27 13:31:52.964+07');
INSERT INTO ref_item_tanya VALUES (108, 'Tanggal Selesai berdasarkan BAST', NULL, 'text', 27, 'default', 4, 1, NULL, NULL, '2024-06-27 13:31:52.965+07', '2024-06-27 13:31:52.965+07');
INSERT INTO ref_item_tanya VALUES (109, 'Scan', NULL, 'file', 27, 'default', 4, 1, NULL, NULL, '2024-06-27 13:31:52.967+07', '2024-06-27 13:31:52.967+07');
INSERT INTO ref_item_tanya VALUES (110, 'Nama Paket Pekerjaan', NULL, 'text', 28, 'default', 4, 1, NULL, NULL, '2024-06-27 13:31:52.969+07', '2024-06-27 13:31:52.969+07');
INSERT INTO ref_item_tanya VALUES (111, 'Divisi, kelompok (grup)', NULL, 'text', 28, 'default', 4, 1, NULL, NULL, '2024-06-27 13:31:52.971+07', '2024-06-27 13:31:52.971+07');
INSERT INTO ref_item_tanya VALUES (112, 'Ringkasan Lingkup Pekerjaan', NULL, 'text', 28, 'default', 4, 1, NULL, NULL, '2024-06-27 13:31:52.972+07', '2024-06-27 13:31:52.972+07');
INSERT INTO ref_item_tanya VALUES (113, 'Lokasi', NULL, 'text', 28, 'default', 4, 1, NULL, NULL, '2024-06-27 13:31:52.973+07', '2024-06-27 13:31:52.973+07');
INSERT INTO ref_item_tanya VALUES (114, 'Nama Pemberi Pekerjaan', NULL, 'text', 28, 'default', 4, 1, NULL, NULL, '2024-06-27 13:31:52.974+07', '2024-06-27 13:31:52.974+07');
INSERT INTO ref_item_tanya VALUES (115, 'Alamat/Telepon Pemberi Pekerjaan', NULL, 'text', 28, 'default', 4, 1, NULL, NULL, '2024-06-27 13:31:52.976+07', '2024-06-27 13:31:52.976+07');
INSERT INTO ref_item_tanya VALUES (116, 'Nomor/Tanggal Kontrak', NULL, 'text', 28, 'default', 4, 1, NULL, NULL, '2024-06-27 13:31:52.977+07', '2024-06-27 13:31:52.977+07');
INSERT INTO ref_item_tanya VALUES (117, 'Nilai Kontrak', NULL, 'text', 28, 'default', 4, 1, NULL, NULL, '2024-06-27 13:31:52.979+07', '2024-06-27 13:31:52.979+07');
INSERT INTO ref_item_tanya VALUES (118, 'Status Penyedia dalam Pelaksanaan Pekerjaan', NULL, 'text', 28, 'default', 4, 1, NULL, NULL, '2024-06-27 13:31:52.98+07', '2024-06-27 13:31:52.98+07');
INSERT INTO ref_item_tanya VALUES (119, 'Tanggal Selesai berdasarkan Kontrak', NULL, 'text', 28, 'default', 4, 1, NULL, NULL, '2024-06-27 13:31:52.98+07', '2024-06-27 13:31:52.98+07');
INSERT INTO ref_item_tanya VALUES (120, 'Tanggal Selesai berdasarkan BAST', NULL, 'text', 28, 'default', 4, 1, NULL, NULL, '2024-06-27 13:31:52.981+07', '2024-06-27 13:31:52.981+07');
INSERT INTO ref_item_tanya VALUES (121, 'Scan', NULL, 'file', 28, 'default', 4, 1, NULL, NULL, '2024-06-27 13:31:52.983+07', '2024-06-27 13:31:52.983+07');
INSERT INTO ref_item_tanya VALUES (122, 'Nama Paket Pekerjaan', NULL, 'text', 29, 'default', 4, 1, NULL, NULL, '2024-06-27 13:31:52.986+07', '2024-06-27 13:31:52.986+07');
INSERT INTO ref_item_tanya VALUES (123, 'Divisi, kelompok (grup)', NULL, 'text', 29, 'default', 4, 1, NULL, NULL, '2024-06-27 13:31:52.987+07', '2024-06-27 13:31:52.987+07');
INSERT INTO ref_item_tanya VALUES (124, 'Ringkasan Lingkup Pekerjaan', NULL, 'text', 29, 'default', 4, 1, NULL, NULL, '2024-06-27 13:31:52.988+07', '2024-06-27 13:31:52.988+07');
INSERT INTO ref_item_tanya VALUES (125, 'Lokasi', NULL, 'text', 29, 'default', 4, 1, NULL, NULL, '2024-06-27 13:31:52.989+07', '2024-06-27 13:31:52.989+07');
INSERT INTO ref_item_tanya VALUES (126, 'Nama Pemberi Pekerjaan', NULL, 'text', 29, 'default', 4, 1, NULL, NULL, '2024-06-27 13:31:52.99+07', '2024-06-27 13:31:52.99+07');
INSERT INTO ref_item_tanya VALUES (127, 'Alamat/Telepon Pemberi Pekerjaan', NULL, 'text', 29, 'default', 4, 1, NULL, NULL, '2024-06-27 13:31:52.992+07', '2024-06-27 13:31:52.992+07');
INSERT INTO ref_item_tanya VALUES (128, 'Nomor/Tanggal Kontrak', NULL, 'text', 29, 'default', 4, 1, NULL, NULL, '2024-06-27 13:31:52.993+07', '2024-06-27 13:31:52.993+07');
INSERT INTO ref_item_tanya VALUES (129, 'Nilai Kontrak', NULL, 'text', 29, 'default', 4, 1, NULL, NULL, '2024-06-27 13:31:52.994+07', '2024-06-27 13:31:52.994+07');
INSERT INTO ref_item_tanya VALUES (130, 'Status Penyedia dalam Pelaksanaan Pekerjaan', NULL, 'text', 29, 'default', 4, 1, NULL, NULL, '2024-06-27 13:31:52.995+07', '2024-06-27 13:31:52.995+07');
INSERT INTO ref_item_tanya VALUES (131, 'Tanggal Selesai berdasarkan Kontrak', NULL, 'text', 29, 'default', 4, 1, NULL, NULL, '2024-06-27 13:31:52.997+07', '2024-06-27 13:31:52.997+07');
INSERT INTO ref_item_tanya VALUES (132, 'Tanggal Selesai berdasarkan BAST', NULL, 'text', 29, 'default', 4, 1, NULL, NULL, '2024-06-27 13:31:52.998+07', '2024-06-27 13:31:52.998+07');
INSERT INTO ref_item_tanya VALUES (133, 'Scan', NULL, 'file', 29, 'default', 4, 1, NULL, NULL, '2024-06-27 13:31:53.001+07', '2024-06-27 13:31:53.001+07');
INSERT INTO ref_item_tanya VALUES (134, 'NPWP Pribadi', NULL, 'text', 17, 'default', 5, 1, NULL, NULL, '2024-06-27 13:31:53.002+07', '2024-06-27 13:31:53.002+07');
INSERT INTO ref_item_tanya VALUES (135, 'Scan SPT dan NPWP Perusahaan', NULL, 'file', 17, 'default', 5, 1, NULL, NULL, '2024-06-27 13:31:53.003+07', '2024-06-27 13:31:53.003+07');
INSERT INTO ref_item_tanya VALUES (136, 'Scan SKB PPh 23', NULL, 'file', 17, 'default', 5, 1, NULL, NULL, '2024-06-27 13:31:53.005+07', '2024-06-27 13:31:53.005+07');
INSERT INTO ref_item_tanya VALUES (137, 'Scan SK PP 23', NULL, 'text', 17, 'default', 5, 1, NULL, NULL, '2024-06-27 13:31:53.006+07', '2024-06-27 13:31:53.006+07');
INSERT INTO ref_item_tanya VALUES (141, 'Ketentuan Umum', NULL, 'text', 2, 'custom', 2, 1, NULL, NULL, NULL, NULL);
INSERT INTO ref_item_tanya VALUES (144, 'SKCK', NULL, 'file', 1, 'custom', 2, 1, NULL, NULL, '2024-06-28 09:33:30.712+07', '2024-06-28 09:33:30.712+07');
INSERT INTO ref_item_tanya VALUES (145, 'nama Bank', NULL, 'text', 2, 'custom', 2, 1, NULL, NULL, '2024-06-28 09:35:37.648+07', '2024-06-28 09:35:37.648+07');
INSERT INTO ref_item_tanya VALUES (157, 'Tes Input Custom', NULL, 'text', 1, 'custom', 2, 1, NULL, NULL, '2024-07-17 09:20:37.201+07', '2024-07-17 09:20:37.201+07');
INSERT INTO ref_item_tanya VALUES (9, 'Nomor Rekening Bank', NULL, 'angka', 2, 'default', 2, 2, NULL, NULL, '2024-06-27 13:31:52.784+07', '2024-06-27 13:31:52.784+07');
INSERT INTO ref_item_tanya VALUES (138, 'Pembukaan', NULL, 'text', 1, 'custom', 1, 2, NULL, NULL, NULL, NULL);
INSERT INTO ref_item_tanya VALUES (139, 'Ketentuan Umum', NULL, 'text', 2, 'custom', 2, 2, NULL, NULL, NULL, NULL);
INSERT INTO ref_item_tanya VALUES (140, 'Ketentuan Khusus', NULL, 'text', 2, 'custom', 2, 2, NULL, NULL, NULL, NULL);
INSERT INTO ref_item_tanya VALUES (142, 'No Hp Ibu', NULL, 'angka', 1, 'custom', 2, 2, NULL, NULL, '2024-06-28 09:31:22.225+07', '2024-06-28 09:31:22.225+07');
INSERT INTO ref_item_tanya VALUES (143, 'No Hp Bapak', NULL, 'angka', 2, 'custom', 2, 2, NULL, NULL, '2024-06-28 09:32:47.482+07', '2024-06-28 09:32:47.482+07');
INSERT INTO ref_item_tanya VALUES (146, 'Nama Ibu', NULL, 'text', 1, 'custom', 2, 2, NULL, NULL, '2024-06-28 09:37:08.709+07', '2024-06-28 09:37:08.709+07');
INSERT INTO ref_item_tanya VALUES (147, 'nama ayah', NULL, 'text', 1, 'custom', 2, 2, NULL, NULL, '2024-06-28 09:40:50.276+07', '2024-06-28 09:40:50.276+07');
INSERT INTO ref_item_tanya VALUES (148, 'nama peliharaan', NULL, 'text', 1, 'custom', 2, 2, NULL, NULL, '2024-06-28 09:42:13.556+07', '2024-06-28 09:42:13.556+07');
INSERT INTO ref_item_tanya VALUES (149, 'nama tetangga', NULL, 'text', 1, 'custom', 2, 2, NULL, NULL, '2024-06-28 09:42:51.065+07', '2024-06-28 09:42:51.065+07');
INSERT INTO ref_item_tanya VALUES (150, 'nama bunga', NULL, 'text', 1, 'custom', 2, 2, NULL, NULL, '2024-06-28 09:43:27.11+07', '2024-06-28 09:43:27.11+07');
INSERT INTO ref_item_tanya VALUES (151, 'nama kucing', NULL, 'text', 1, 'custom', 2, 2, NULL, NULL, '2024-06-28 09:45:39.927+07', '2024-06-28 09:45:39.927+07');
INSERT INTO ref_item_tanya VALUES (152, 'nama anjing', NULL, 'text', 1, 'custom', 2, 2, NULL, NULL, '2024-06-28 09:46:11.945+07', '2024-06-28 09:46:11.945+07');
INSERT INTO ref_item_tanya VALUES (153, 'nama makanan', NULL, 'text', 1, 'custom', 2, 2, NULL, NULL, '2024-06-28 09:48:14.993+07', '2024-06-28 09:48:14.993+07');
INSERT INTO ref_item_tanya VALUES (154, 'No Hp Ibu', NULL, 'angka', 2, 'custom', 2, 2, NULL, NULL, '2024-06-28 09:49:13.33+07', '2024-06-28 09:49:13.33+07');
INSERT INTO ref_item_tanya VALUES (155, 'Scan Bank', NULL, 'file', 2, 'custom', 2, 2, NULL, NULL, '2024-06-28 10:00:35.627+07', '2024-06-28 10:00:35.627+07');
INSERT INTO ref_item_tanya VALUES (25, 'Nama', NULL, 'text', 1, 'default', 2, 1, NULL, NULL, '2024-06-27 13:31:52.813+07', '2024-06-27 13:31:52.813+07');
INSERT INTO ref_item_tanya VALUES (31, 'Nama Bank', NULL, 'text', 2, 'default', 2, 1, NULL, NULL, '2024-06-27 13:31:52.824+07', '2024-06-27 13:31:52.824+07');
INSERT INTO ref_item_tanya VALUES (55, 'Nama Lengkap', NULL, 'text', 11, 'default', 3, 1, NULL, NULL, '2024-06-27 13:31:52.868+07', '2024-06-27 13:31:52.868+07');
INSERT INTO ref_item_tanya VALUES (77, 'Tanggal Lahir', NULL, 'text', 22, 'default', 4, 1, NULL, NULL, '2024-06-27 13:31:52.914+07', '2024-06-27 13:31:52.914+07');
INSERT INTO ref_item_tanya VALUES (90, 'Lokasi Sekarang', NULL, 'text', 24, 'default', 4, 1, NULL, NULL, '2024-06-27 13:31:52.937+07', '2024-06-27 13:31:52.937+07');


INSERT INTO ref_kelompok_item_penilaian ("kode_kelompok_item_penilaian", "nama_kelompok") VALUES (1, 'Data Diri');
INSERT INTO ref_kelompok_item_penilaian ("kode_kelompok_item_penilaian", "nama_kelompok") VALUES (2, 'Administrasi');
INSERT INTO ref_kelompok_item_penilaian ("kode_kelompok_item_penilaian", "nama_kelompok") VALUES (3, 'Teknis');
INSERT INTO ref_kelompok_item_penilaian ("kode_kelompok_item_penilaian", "nama_kelompok") VALUES (4, 'Keuangan');


INSERT INTO ref_item_penilaian ("kode_item_penilaian", "kode_kelompok_item_penilaian", "nama_item", "perusahaan", "perorangan") VALUES (1, 1, 'Data Diri', 't', 't');
INSERT INTO ref_item_penilaian ("kode_item_penilaian", "kode_kelompok_item_penilaian", "nama_item", "perusahaan", "perorangan") VALUES (2, 2, 'Administrasi', 'f', 't');
INSERT INTO ref_item_penilaian ("kode_item_penilaian", "kode_kelompok_item_penilaian", "nama_item", "perusahaan", "perorangan") VALUES (3, 2, 'Landasan Hukum Pendirian Badan Usaha', 't', 'f');
INSERT INTO ref_item_penilaian ("kode_item_penilaian", "kode_kelompok_item_penilaian", "nama_item", "perusahaan", "perorangan") VALUES (4, 2, 'Pengurus Badan Usaha', 't', 'f');
INSERT INTO ref_item_penilaian ("kode_item_penilaian", "kode_kelompok_item_penilaian", "nama_item", "perusahaan", "perorangan") VALUES (5, 2, 'Izin Usaha dan Tanda Daftar Perusahaan', 't', 'f');
INSERT INTO ref_item_penilaian ("kode_item_penilaian", "kode_kelompok_item_penilaian", "nama_item", "perusahaan", "perorangan") VALUES (6, 2, 'Susunan Kepemilikan Saham / Persero', 't', 'f');
INSERT INTO ref_item_penilaian ("kode_item_penilaian", "kode_kelompok_item_penilaian", "nama_item", "perusahaan", "perorangan") VALUES (7, 2, 'Data Keuangan', 't', 'f');
INSERT INTO ref_item_penilaian ("kode_item_penilaian", "kode_kelompok_item_penilaian", "nama_item", "perusahaan", "perorangan") VALUES (8, 3, 'Teknis', 'f', 't');
INSERT INTO ref_item_penilaian ("kode_item_penilaian", "kode_kelompok_item_penilaian", "nama_item", "perusahaan", "perorangan") VALUES (9, 3, 'Data Personalia', 't', 'f');
INSERT INTO ref_item_penilaian ("kode_item_penilaian", "kode_kelompok_item_penilaian", "nama_item", "perusahaan", "perorangan") VALUES (10, 3, 'Data Fasilitas/Peralatan/Perlengkapan', 't', 'f');
INSERT INTO ref_item_penilaian ("kode_item_penilaian", "kode_kelompok_item_penilaian", "nama_item", "perusahaan", "perorangan") VALUES (11, 3, 'Pengalaman dalam kurun waktu 10 tahun', 't', 'f');
INSERT INTO ref_item_penilaian ("kode_item_penilaian", "kode_kelompok_item_penilaian", "nama_item", "perusahaan", "perorangan") VALUES (12, 3, 'Pengalaman dalam kurun waktu 3 tahun', 't', 'f');
INSERT INTO ref_item_penilaian ("kode_item_penilaian", "kode_kelompok_item_penilaian", "nama_item", "perusahaan", "perorangan") VALUES (13, 3, 'Pekerjaan yang sedang dikerjakan', 't', 'f');
INSERT INTO ref_item_penilaian ("kode_item_penilaian", "kode_kelompok_item_penilaian", "nama_item", "perusahaan", "perorangan") VALUES (14, 4, 'Keuangan', 't', 'f');
