-- ----------------------------
-- Records of ref_jenis_vendor
-- ----------------------------
TRUNCATE TABLE ref_jenis_vendor CASCADE;
INSERT INTO ref_jenis_vendor ("kode_jenis_vendor", "jenis_vendor") VALUES (1, 'Perusahaan');
INSERT INTO ref_jenis_vendor ("kode_jenis_vendor", "jenis_vendor") VALUES (2, 'Perorangan');




-- ---------------------------------
-- Records of ref_kat_dokumen_vendor
-- ---------------------------------
TRUNCATE TABLE ref_kat_dokumen_vendor CASCADE;
INSERT INTO ref_kat_dokumen_vendor ("kode_kat_dokumen_vendor", "kode_jenis_vendor", "urutan", "is_main", "is_has_sub", "main_kat", "nama_kategori") VALUES (1, 1, 1, 't', 'f', NULL, 'Pakta Integritas');
INSERT INTO ref_kat_dokumen_vendor ("kode_kat_dokumen_vendor", "kode_jenis_vendor", "urutan", "is_main", "is_has_sub", "main_kat", "nama_kategori") VALUES (2, 1, 2, 't', 'f', NULL, 'Data Diri');
INSERT INTO ref_kat_dokumen_vendor ("kode_kat_dokumen_vendor", "kode_jenis_vendor", "urutan", "is_main", "is_has_sub", "main_kat", "nama_kategori") VALUES (3, 1, 3, 't', 't', NULL, 'Administrasi dan Kualifikasi');
INSERT INTO ref_kat_dokumen_vendor ("kode_kat_dokumen_vendor", "kode_jenis_vendor", "urutan", "is_main", "is_has_sub", "main_kat", "nama_kategori") VALUES (4, 1, 4, 't', 't', NULL, 'Teknis');
INSERT INTO ref_kat_dokumen_vendor ("kode_kat_dokumen_vendor", "kode_jenis_vendor", "urutan", "is_main", "is_has_sub", "main_kat", "nama_kategori") VALUES (5, 1, 5, 't', 'f', NULL, 'Keuangan');
INSERT INTO ref_kat_dokumen_vendor ("kode_kat_dokumen_vendor", "kode_jenis_vendor", "urutan", "is_main", "is_has_sub", "main_kat", "nama_kategori") VALUES (6, 1, 1, 'f', 'f', 3, 'Landasan Hukum Pendirian Badan Usaha');
INSERT INTO ref_kat_dokumen_vendor ("kode_kat_dokumen_vendor", "kode_jenis_vendor", "urutan", "is_main", "is_has_sub", "main_kat", "nama_kategori") VALUES (7, 1, 2, 'f', 'f', 3, 'Pengurus Badan Usaha');
INSERT INTO ref_kat_dokumen_vendor ("kode_kat_dokumen_vendor", "kode_jenis_vendor", "urutan", "is_main", "is_has_sub", "main_kat", "nama_kategori") VALUES (8, 1, 3, 'f', 'f', 3, 'Izin Usaha');
INSERT INTO ref_kat_dokumen_vendor ("kode_kat_dokumen_vendor", "kode_jenis_vendor", "urutan", "is_main", "is_has_sub", "main_kat", "nama_kategori") VALUES (9, 1, 4, 'f', 'f', 3, 'Susunan Kepemilikan Saham / Persero');
INSERT INTO ref_kat_dokumen_vendor ("kode_kat_dokumen_vendor", "kode_jenis_vendor", "urutan", "is_main", "is_has_sub", "main_kat", "nama_kategori") VALUES (10, 1, 5, 'f', 'f', 3, 'Data Keuangan');
INSERT INTO ref_kat_dokumen_vendor ("kode_kat_dokumen_vendor", "kode_jenis_vendor", "urutan", "is_main", "is_has_sub", "main_kat", "nama_kategori") VALUES (11, 1, 1, 'f', 'f', 4, 'Data Personalia');
INSERT INTO ref_kat_dokumen_vendor ("kode_kat_dokumen_vendor", "kode_jenis_vendor", "urutan", "is_main", "is_has_sub", "main_kat", "nama_kategori") VALUES (12, 1, 2, 'f', 'f', 4, 'Data Fasilitas/Peralatan/Perlengkapan');
INSERT INTO ref_kat_dokumen_vendor ("kode_kat_dokumen_vendor", "kode_jenis_vendor", "urutan", "is_main", "is_has_sub", "main_kat", "nama_kategori") VALUES (13, 1, 3, 'f', 'f', 4, 'Pengalaman');
INSERT INTO ref_kat_dokumen_vendor ("kode_kat_dokumen_vendor", "kode_jenis_vendor", "urutan", "is_main", "is_has_sub", "main_kat", "nama_kategori") VALUES (14, 1, 4, 'f', 'f', 4, 'Pekerjaan yang sedang dikerjakan');
INSERT INTO ref_kat_dokumen_vendor ("kode_kat_dokumen_vendor", "kode_jenis_vendor", "urutan", "is_main", "is_has_sub", "main_kat", "nama_kategori") VALUES (15, 2, 1, 't', 'f', NULL, 'Pakta Integritas');
INSERT INTO ref_kat_dokumen_vendor ("kode_kat_dokumen_vendor", "kode_jenis_vendor", "urutan", "is_main", "is_has_sub", "main_kat", "nama_kategori") VALUES (16, 2, 2, 't', 'f', NULL, 'Data Diri');
INSERT INTO ref_kat_dokumen_vendor ("kode_kat_dokumen_vendor", "kode_jenis_vendor", "urutan", "is_main", "is_has_sub", "main_kat", "nama_kategori") VALUES (17, 2, 3, 't', 'f', NULL, 'Administrasi dan Kualifikasi');
INSERT INTO ref_kat_dokumen_vendor ("kode_kat_dokumen_vendor", "kode_jenis_vendor", "urutan", "is_main", "is_has_sub", "main_kat", "nama_kategori") VALUES (18, 2, 4, 't', 'f', NULL, 'Teknis');




-- ----------------------------
-- Records of ref_kat_item_tanya
-- ----------------------------
TRUNCATE TABLE ref_kat_item_tanya CASCADE;
INSERT INTO ref_kat_item_tanya ("kode_kat_item_tanya", "kode_kat_dokumen_vendor", "urutan", "kategori_item") VALUES (1, 1, 1, 'Pakta Integritas');
INSERT INTO ref_kat_item_tanya ("kode_kat_item_tanya", "kode_kat_dokumen_vendor", "urutan", "kategori_item") VALUES (2, 2, 1, 'Identitas Perusahaan');
INSERT INTO ref_kat_item_tanya ("kode_kat_item_tanya", "kode_kat_dokumen_vendor", "urutan", "kategori_item") VALUES (3, 2, 2, 'Bank');
INSERT INTO ref_kat_item_tanya ("kode_kat_item_tanya", "kode_kat_dokumen_vendor", "urutan", "kategori_item") VALUES (4, 6, 1, 'Akta Pendirian Perusahaan/Anggaran Dasar Koperasi');
INSERT INTO ref_kat_item_tanya ("kode_kat_item_tanya", "kode_kat_dokumen_vendor", "urutan", "kategori_item") VALUES (5, 6, 2, 'Perubahan Terakhir Akta Pendirian Perusahaan /Anggaran Dasar Koperasi');
INSERT INTO ref_kat_item_tanya ("kode_kat_item_tanya", "kode_kat_dokumen_vendor", "urutan", "kategori_item") VALUES (6, 7, 1, 'Komisaris untuk Perseroan Terbatas (PT)');
INSERT INTO ref_kat_item_tanya ("kode_kat_item_tanya", "kode_kat_dokumen_vendor", "urutan", "kategori_item") VALUES (7, 7, 2, 'Direksi/Pengurus Badan Usaha');
INSERT INTO ref_kat_item_tanya ("kode_kat_item_tanya", "kode_kat_dokumen_vendor", "urutan", "kategori_item") VALUES (8, 8, 1, 'Izin Usaha dan Tanda Daftar Perusahaan');
INSERT INTO ref_kat_item_tanya ("kode_kat_item_tanya", "kode_kat_dokumen_vendor", "urutan", "kategori_item") VALUES (9, 9, 1, 'Susunan Kepemilikan Saham (PT) / Susunan Pesero (CV/Firma)');
INSERT INTO ref_kat_item_tanya ("kode_kat_item_tanya", "kode_kat_dokumen_vendor", "urutan", "kategori_item") VALUES (10, 10, 1, 'Data Keuangan');
INSERT INTO ref_kat_item_tanya ("kode_kat_item_tanya", "kode_kat_dokumen_vendor", "urutan", "kategori_item") VALUES (11, 11, 1, 'Data Personalia');
INSERT INTO ref_kat_item_tanya ("kode_kat_item_tanya", "kode_kat_dokumen_vendor", "urutan", "kategori_item") VALUES (12, 12, 1, 'Data Fasilitas/Peralatan/Perlengkapan');
INSERT INTO ref_kat_item_tanya ("kode_kat_item_tanya", "kode_kat_dokumen_vendor", "urutan", "kategori_item") VALUES (13, 13, 1, 'Pengalaman');
INSERT INTO ref_kat_item_tanya ("kode_kat_item_tanya", "kode_kat_dokumen_vendor", "urutan", "kategori_item") VALUES (14, 14, 1, 'Pekerjaan yang Sedang Dikerjakan');
INSERT INTO ref_kat_item_tanya ("kode_kat_item_tanya", "kode_kat_dokumen_vendor", "urutan", "kategori_item") VALUES (15, 5, 1, 'Data Keuangan');
INSERT INTO ref_kat_item_tanya ("kode_kat_item_tanya", "kode_kat_dokumen_vendor", "urutan", "kategori_item") VALUES (16, 15, 1, 'Pakta Integritas');
INSERT INTO ref_kat_item_tanya ("kode_kat_item_tanya", "kode_kat_dokumen_vendor", "urutan", "kategori_item") VALUES (17, 16, 1, 'Identitas Diri');
INSERT INTO ref_kat_item_tanya ("kode_kat_item_tanya", "kode_kat_dokumen_vendor", "urutan", "kategori_item") VALUES (18, 16, 2, 'Bank');
INSERT INTO ref_kat_item_tanya ("kode_kat_item_tanya", "kode_kat_dokumen_vendor", "urutan", "kategori_item") VALUES (19, 17, 1, 'Data Pribadi');
INSERT INTO ref_kat_item_tanya ("kode_kat_item_tanya", "kode_kat_dokumen_vendor", "urutan", "kategori_item") VALUES (20, 17, 2, 'NPWP Pribadi');
INSERT INTO ref_kat_item_tanya ("kode_kat_item_tanya", "kode_kat_dokumen_vendor", "urutan", "kategori_item") VALUES (21, 18, 1, 'Pengalaman');
INSERT INTO ref_kat_item_tanya ("kode_kat_item_tanya", "kode_kat_dokumen_vendor", "urutan", "kategori_item") VALUES (22, 18, 2, 'Sertifikat Keahlian atau Ijazah Terakhir');



-- ----------------------------
-- Records of ref_item_tanya
-- ----------------------------
TRUNCATE TABLE ref_item_tanya CASCADE;
INSERT INTO ref_item_tanya ("kode_item", "kode_jenis_vendor", "kode_kat_item_tanya", "urutan", "nama_item", "keterangan", "tipe_input", "metadata", "jenis_item", "ucr", "uch", "udcr", "udch") VALUES (1, 1, 1, 1, 'Pakta Integritas', NULL, 'checkbox', NULL, 'default', NULL, NULL, NULL, NULL);
INSERT INTO ref_item_tanya ("kode_item", "kode_jenis_vendor", "kode_kat_item_tanya", "urutan", "nama_item", "keterangan", "tipe_input", "metadata", "jenis_item", "ucr", "uch", "udcr", "udch") VALUES (2, 1, 2, 1, 'Domisili', NULL, 'select', '{"nama_tabel": "ref_domisili"}', 'default', NULL, NULL, NULL, NULL);
INSERT INTO ref_item_tanya ("kode_item", "kode_jenis_vendor", "kode_kat_item_tanya", "urutan", "nama_item", "keterangan", "tipe_input", "metadata", "jenis_item", "ucr", "uch", "udcr", "udch") VALUES (3, 1, 2, 2, 'Alamat', NULL, 'textarea', NULL, 'default', NULL, NULL, NULL, NULL);
INSERT INTO ref_item_tanya ("kode_item", "kode_jenis_vendor", "kode_kat_item_tanya", "urutan", "nama_item", "keterangan", "tipe_input", "metadata", "jenis_item", "ucr", "uch", "udcr", "udch") VALUES (4, 1, 2, 3, 'No. Handphone', NULL, 'text', NULL, 'default', NULL, NULL, NULL, NULL);
INSERT INTO ref_item_tanya ("kode_item", "kode_jenis_vendor", "kode_kat_item_tanya", "urutan", "nama_item", "keterangan", "tipe_input", "metadata", "jenis_item", "ucr", "uch", "udcr", "udch") VALUES (5, 1, 2, 4, 'No. Telepon', NULL, 'text', NULL, 'default', NULL, NULL, NULL, NULL);
INSERT INTO ref_item_tanya ("kode_item", "kode_jenis_vendor", "kode_kat_item_tanya", "urutan", "nama_item", "keterangan", "tipe_input", "metadata", "jenis_item", "ucr", "uch", "udcr", "udch") VALUES (6, 1, 2, 5, 'No. Fax', NULL, 'text', NULL, 'default', NULL, NULL, NULL, NULL);
INSERT INTO ref_item_tanya ("kode_item", "kode_jenis_vendor", "kode_kat_item_tanya", "urutan", "nama_item", "keterangan", "tipe_input", "metadata", "jenis_item", "ucr", "uch", "udcr", "udch") VALUES (7, 1, 2, 6, 'Email', NULL, 'text', NULL, 'default', NULL, NULL, NULL, NULL);
INSERT INTO ref_item_tanya ("kode_item", "kode_jenis_vendor", "kode_kat_item_tanya", "urutan", "nama_item", "keterangan", "tipe_input", "metadata", "jenis_item", "ucr", "uch", "udcr", "udch") VALUES (8, 1, 3, 1, 'Nama Bank', NULL, 'text', NULL, 'default', NULL, NULL, NULL, NULL);
INSERT INTO ref_item_tanya ("kode_item", "kode_jenis_vendor", "kode_kat_item_tanya", "urutan", "nama_item", "keterangan", "tipe_input", "metadata", "jenis_item", "ucr", "uch", "udcr", "udch") VALUES (9, 1, 3, 2, 'Nama Pemilik Bank', NULL, 'text', NULL, 'default', NULL, NULL, NULL, NULL);
INSERT INTO ref_item_tanya ("kode_item", "kode_jenis_vendor", "kode_kat_item_tanya", "urutan", "nama_item", "keterangan", "tipe_input", "metadata", "jenis_item", "ucr", "uch", "udcr", "udch") VALUES (10, 1, 3, 3, 'Nomor Rekening Bank', NULL, 'text', NULL, 'default', NULL, NULL, NULL, NULL);
INSERT INTO ref_item_tanya ("kode_item", "kode_jenis_vendor", "kode_kat_item_tanya", "urutan", "nama_item", "keterangan", "tipe_input", "metadata", "jenis_item", "ucr", "uch", "udcr", "udch") VALUES (11, 1, 3, 4, 'Scan Buku Rekening', NULL, 'file', NULL, 'default', NULL, NULL, NULL, NULL);
INSERT INTO ref_item_tanya ("kode_item", "kode_jenis_vendor", "kode_kat_item_tanya", "urutan", "nama_item", "keterangan", "tipe_input", "metadata", "jenis_item", "ucr", "uch", "udcr", "udch") VALUES (12, 1, 3, 5, 'Scan Form Ikut Serta', NULL, 'file', NULL, 'default', NULL, NULL, NULL, NULL);
INSERT INTO ref_item_tanya ("kode_item", "kode_jenis_vendor", "kode_kat_item_tanya", "urutan", "nama_item", "keterangan", "tipe_input", "metadata", "jenis_item", "ucr", "uch", "udcr", "udch") VALUES (13, 1, 3, 6, 'Scan Surat Kuasa', NULL, 'file', NULL, 'default', NULL, NULL, NULL, NULL);
INSERT INTO ref_item_tanya ("kode_item", "kode_jenis_vendor", "kode_kat_item_tanya", "urutan", "nama_item", "keterangan", "tipe_input", "metadata", "jenis_item", "ucr", "uch", "udcr", "udch") VALUES (14, 1, 4, 1, 'Nomor', NULL, 'text', NULL, 'default', NULL, NULL, NULL, NULL);
INSERT INTO ref_item_tanya ("kode_item", "kode_jenis_vendor", "kode_kat_item_tanya", "urutan", "nama_item", "keterangan", "tipe_input", "metadata", "jenis_item", "ucr", "uch", "udcr", "udch") VALUES (15, 1, 4, 2, 'Tanggal', NULL, 'text', NULL, 'default', NULL, NULL, NULL, NULL);
INSERT INTO ref_item_tanya ("kode_item", "kode_jenis_vendor", "kode_kat_item_tanya", "urutan", "nama_item", "keterangan", "tipe_input", "metadata", "jenis_item", "ucr", "uch", "udcr", "udch") VALUES (16, 1, 4, 3, 'Nama Notaris', NULL, 'text', NULL, 'default', NULL, NULL, NULL, NULL);
INSERT INTO ref_item_tanya ("kode_item", "kode_jenis_vendor", "kode_kat_item_tanya", "urutan", "nama_item", "keterangan", "tipe_input", "metadata", "jenis_item", "ucr", "uch", "udcr", "udch") VALUES (17, 1, 4, 4, 'Nomor Pengesahan/pendaftaran', NULL, 'text', NULL, 'default', NULL, NULL, NULL, NULL);
INSERT INTO ref_item_tanya ("kode_item", "kode_jenis_vendor", "kode_kat_item_tanya", "urutan", "nama_item", "keterangan", "tipe_input", "metadata", "jenis_item", "ucr", "uch", "udcr", "udch") VALUES (18, 1, 4, 5, 'Bukti Scan', NULL, 'file', NULL, 'default', NULL, NULL, NULL, NULL);
INSERT INTO ref_item_tanya ("kode_item", "kode_jenis_vendor", "kode_kat_item_tanya", "urutan", "nama_item", "keterangan", "tipe_input", "metadata", "jenis_item", "ucr", "uch", "udcr", "udch") VALUES (19, 1, 5, 1, 'Nomor', NULL, 'text', NULL, 'default', NULL, NULL, NULL, NULL);
INSERT INTO ref_item_tanya ("kode_item", "kode_jenis_vendor", "kode_kat_item_tanya", "urutan", "nama_item", "keterangan", "tipe_input", "metadata", "jenis_item", "ucr", "uch", "udcr", "udch") VALUES (20, 1, 5, 2, 'Tanggal', NULL, 'text', NULL, 'default', NULL, NULL, NULL, NULL);
INSERT INTO ref_item_tanya ("kode_item", "kode_jenis_vendor", "kode_kat_item_tanya", "urutan", "nama_item", "keterangan", "tipe_input", "metadata", "jenis_item", "ucr", "uch", "udcr", "udch") VALUES (21, 1, 5, 3, 'Nama Notaris', NULL, 'text', NULL, 'default', NULL, NULL, NULL, NULL);
INSERT INTO ref_item_tanya ("kode_item", "kode_jenis_vendor", "kode_kat_item_tanya", "urutan", "nama_item", "keterangan", "tipe_input", "metadata", "jenis_item", "ucr", "uch", "udcr", "udch") VALUES (22, 1, 5, 4, 'Nomor Pengesahan/pendaftaran', NULL, 'text', NULL, 'default', NULL, NULL, NULL, NULL);
INSERT INTO ref_item_tanya ("kode_item", "kode_jenis_vendor", "kode_kat_item_tanya", "urutan", "nama_item", "keterangan", "tipe_input", "metadata", "jenis_item", "ucr", "uch", "udcr", "udch") VALUES (23, 1, 5, 5, 'Bukti Scan', NULL, 'file', NULL, 'default', NULL, NULL, NULL, NULL);
INSERT INTO ref_item_tanya ("kode_item", "kode_jenis_vendor", "kode_kat_item_tanya", "urutan", "nama_item", "keterangan", "tipe_input", "metadata", "jenis_item", "ucr", "uch", "udcr", "udch") VALUES (24, 1, 6, 1, 'Komisaris untuk Perseroan Terbatas (PT)', NULL, 'table', '{"nama_tabel": "ref_komisaris_vendor"}', 'default', NULL, NULL, NULL, NULL);
INSERT INTO ref_item_tanya ("kode_item", "kode_jenis_vendor", "kode_kat_item_tanya", "urutan", "nama_item", "keterangan", "tipe_input", "metadata", "jenis_item", "ucr", "uch", "udcr", "udch") VALUES (25, 1, 7, 1, 'Direksi/Pengurus Badan Usaha', NULL, 'table', '{"nama_tabel": "ref_direksi_vendor"}', 'default', NULL, NULL, NULL, NULL);
INSERT INTO ref_item_tanya ("kode_item", "kode_jenis_vendor", "kode_kat_item_tanya", "urutan", "nama_item", "keterangan", "tipe_input", "metadata", "jenis_item", "ucr", "uch", "udcr", "udch") VALUES (26, 1, 8, 1, 'Izin Usaha dan Tanda Daftar Perusahaan', NULL, 'table', '{"nama_tabel": "ref_ijin_usaha_perusahaan"}', 'default', NULL, NULL, NULL, NULL);
INSERT INTO ref_item_tanya ("kode_item", "kode_jenis_vendor", "kode_kat_item_tanya", "urutan", "nama_item", "keterangan", "tipe_input", "metadata", "jenis_item", "ucr", "uch", "udcr", "udch") VALUES (27, 1, 9, 1, 'Susunan Kepemilikan Saham (PT) / Susunan Pesero (CV/Firma)', NULL, 'table', '{"nama_tabel": "ref_saham_perusahaan"}', 'default', NULL, NULL, NULL, NULL);
INSERT INTO ref_item_tanya ("kode_item", "kode_jenis_vendor", "kode_kat_item_tanya", "urutan", "nama_item", "keterangan", "tipe_input", "metadata", "jenis_item", "ucr", "uch", "udcr", "udch") VALUES (28, 1, 10, 1, 'Nomor Pokok Wajib Pajak', NULL, 'text', NULL, 'default', NULL, NULL, NULL, NULL);
INSERT INTO ref_item_tanya ("kode_item", "kode_jenis_vendor", "kode_kat_item_tanya", "urutan", "nama_item", "keterangan", "tipe_input", "metadata", "jenis_item", "ucr", "uch", "udcr", "udch") VALUES (29, 1, 10, 2, 'Bukti SPT dan NPWP Perusahaan', NULL, 'file', NULL, 'default', NULL, NULL, NULL, NULL);
INSERT INTO ref_item_tanya ("kode_item", "kode_jenis_vendor", "kode_kat_item_tanya", "urutan", "nama_item", "keterangan", "tipe_input", "metadata", "jenis_item", "ucr", "uch", "udcr", "udch") VALUES (30, 1, 10, 3, 'Masa Berlaku Dokumen', NULL, 'checkbox', NULL, 'default', NULL, NULL, NULL, NULL);
INSERT INTO ref_item_tanya ("kode_item", "kode_jenis_vendor", "kode_kat_item_tanya", "urutan", "nama_item", "keterangan", "tipe_input", "metadata", "jenis_item", "ucr", "uch", "udcr", "udch") VALUES (31, 1, 10, 4, 'Awal', NULL, 'text', NULL, 'default', NULL, NULL, NULL, NULL);
INSERT INTO ref_item_tanya ("kode_item", "kode_jenis_vendor", "kode_kat_item_tanya", "urutan", "nama_item", "keterangan", "tipe_input", "metadata", "jenis_item", "ucr", "uch", "udcr", "udch") VALUES (32, 1, 10, 5, 'Akhir', NULL, 'text', NULL, 'default', NULL, NULL, NULL, NULL);
INSERT INTO ref_item_tanya ("kode_item", "kode_jenis_vendor", "kode_kat_item_tanya", "urutan", "nama_item", "keterangan", "tipe_input", "metadata", "jenis_item", "ucr", "uch", "udcr", "udch") VALUES (33, 1, 10, 6, 'Bukti Scan SKB PPh 23 (Surat Keterangan Bebas PPh 23) - jika ada', NULL, 'file', NULL, 'default', NULL, NULL, NULL, NULL);
INSERT INTO ref_item_tanya ("kode_item", "kode_jenis_vendor", "kode_kat_item_tanya", "urutan", "nama_item", "keterangan", "tipe_input", "metadata", "jenis_item", "ucr", "uch", "udcr", "udch") VALUES (34, 1, 10, 7, 'Masa Berlaku Dokumen', NULL, 'checkbox', NULL, 'default', NULL, NULL, NULL, NULL);
INSERT INTO ref_item_tanya ("kode_item", "kode_jenis_vendor", "kode_kat_item_tanya", "urutan", "nama_item", "keterangan", "tipe_input", "metadata", "jenis_item", "ucr", "uch", "udcr", "udch") VALUES (35, 1, 10, 8, 'Awal', NULL, 'text', NULL, 'default', NULL, NULL, NULL, NULL);
INSERT INTO ref_item_tanya ("kode_item", "kode_jenis_vendor", "kode_kat_item_tanya", "urutan", "nama_item", "keterangan", "tipe_input", "metadata", "jenis_item", "ucr", "uch", "udcr", "udch") VALUES (36, 1, 10, 9, 'Akhir', NULL, 'text', NULL, 'default', NULL, NULL, NULL, NULL);
INSERT INTO ref_item_tanya ("kode_item", "kode_jenis_vendor", "kode_kat_item_tanya", "urutan", "nama_item", "keterangan", "tipe_input", "metadata", "jenis_item", "ucr", "uch", "udcr", "udch") VALUES (37, 1, 10, 10, 'Bukti Scan SK PP23 (Surat Keterangan PP 23) - jika ada', NULL, 'file', NULL, 'default', NULL, NULL, NULL, NULL);
INSERT INTO ref_item_tanya ("kode_item", "kode_jenis_vendor", "kode_kat_item_tanya", "urutan", "nama_item", "keterangan", "tipe_input", "metadata", "jenis_item", "ucr", "uch", "udcr", "udch") VALUES (38, 1, 10, 11, 'Masa Berlaku Dokumen', NULL, 'checkbox', NULL, 'default', NULL, NULL, NULL, NULL);
INSERT INTO ref_item_tanya ("kode_item", "kode_jenis_vendor", "kode_kat_item_tanya", "urutan", "nama_item", "keterangan", "tipe_input", "metadata", "jenis_item", "ucr", "uch", "udcr", "udch") VALUES (39, 1, 10, 12, 'Awal', NULL, 'text', NULL, 'default', NULL, NULL, NULL, NULL);
INSERT INTO ref_item_tanya ("kode_item", "kode_jenis_vendor", "kode_kat_item_tanya", "urutan", "nama_item", "keterangan", "tipe_input", "metadata", "jenis_item", "ucr", "uch", "udcr", "udch") VALUES (40, 1, 10, 13, 'Akhir', NULL, 'text', NULL, 'default', NULL, NULL, NULL, NULL);
INSERT INTO ref_item_tanya ("kode_item", "kode_jenis_vendor", "kode_kat_item_tanya", "urutan", "nama_item", "keterangan", "tipe_input", "metadata", "jenis_item", "ucr", "uch", "udcr", "udch") VALUES (41, 1, 11, 1, 'Data Personalia (Tenaga Ahli/Teknis/Terampil Badan Usaha)', NULL, 'table', '{"nama_tabel": "ref_personalia_perusahaan"}', 'default', NULL, NULL, NULL, NULL);
INSERT INTO ref_item_tanya ("kode_item", "kode_jenis_vendor", "kode_kat_item_tanya", "urutan", "nama_item", "keterangan", "tipe_input", "metadata", "jenis_item", "ucr", "uch", "udcr", "udch") VALUES (42, 1, 12, 1, 'Data Fasilitas/Peralatan/Perlengkapan', NULL, 'table', '{"nama_tabel": "ref_fasilitas_perusahaan"}', 'default', NULL, NULL, NULL, NULL);
INSERT INTO ref_item_tanya ("kode_item", "kode_jenis_vendor", "kode_kat_item_tanya", "urutan", "nama_item", "keterangan", "tipe_input", "metadata", "jenis_item", "ucr", "uch", "udcr", "udch") VALUES (43, 1, 13, 1, 'Pengalaman', NULL, 'table', '{"nama_tabel": "ref_pengalaman"}', 'default', NULL, NULL, NULL, NULL);
INSERT INTO ref_item_tanya ("kode_item", "kode_jenis_vendor", "kode_kat_item_tanya", "urutan", "nama_item", "keterangan", "tipe_input", "metadata", "jenis_item", "ucr", "uch", "udcr", "udch") VALUES (44, 1, 14, 1, 'Data Pekerjaan yang Sedang Dilaksanakan', NULL, 'table', '{"nama_tabel": "ref_pengalaman_sekarang"}', 'default', NULL, NULL, NULL, NULL);
INSERT INTO ref_item_tanya ("kode_item", "kode_jenis_vendor", "kode_kat_item_tanya", "urutan", "nama_item", "keterangan", "tipe_input", "metadata", "jenis_item", "ucr", "uch", "udcr", "udch") VALUES (45, 1, 15, 1, 'Laporan Keuangan', NULL, 'text', NULL, 'default', NULL, NULL, NULL, NULL);
INSERT INTO ref_item_tanya ("kode_item", "kode_jenis_vendor", "kode_kat_item_tanya", "urutan", "nama_item", "keterangan", "tipe_input", "metadata", "jenis_item", "ucr", "uch", "udcr", "udch") VALUES (46, 1, 15, 2, 'Scan', NULL, 'file', NULL, 'default', NULL, NULL, NULL, NULL);
INSERT INTO ref_item_tanya ("kode_item", "kode_jenis_vendor", "kode_kat_item_tanya", "urutan", "nama_item", "keterangan", "tipe_input", "metadata", "jenis_item", "ucr", "uch", "udcr", "udch") VALUES (47, 1, 15, 3, 'Masa Berlaku Dokumen', NULL, 'checkbox', NULL, 'default', NULL, NULL, NULL, NULL);
INSERT INTO ref_item_tanya ("kode_item", "kode_jenis_vendor", "kode_kat_item_tanya", "urutan", "nama_item", "keterangan", "tipe_input", "metadata", "jenis_item", "ucr", "uch", "udcr", "udch") VALUES (48, 1, 15, 4, 'Awal', NULL, 'text', NULL, 'default', NULL, NULL, NULL, NULL);
INSERT INTO ref_item_tanya ("kode_item", "kode_jenis_vendor", "kode_kat_item_tanya", "urutan", "nama_item", "keterangan", "tipe_input", "metadata", "jenis_item", "ucr", "uch", "udcr", "udch") VALUES (49, 1, 15, 5, 'Akhir', NULL, 'text', NULL, 'default', NULL, NULL, NULL, NULL);
INSERT INTO ref_item_tanya ("kode_item", "kode_jenis_vendor", "kode_kat_item_tanya", "urutan", "nama_item", "keterangan", "tipe_input", "metadata", "jenis_item", "ucr", "uch", "udcr", "udch") VALUES (50, NULL, 16, 1, 'Pakta Integritas', NULL, NULL, NULL, NULL, NULL, NULL, NULL, NULL);
INSERT INTO ref_item_tanya ("kode_item", "kode_jenis_vendor", "kode_kat_item_tanya", "urutan", "nama_item", "keterangan", "tipe_input", "metadata", "jenis_item", "ucr", "uch", "udcr", "udch") VALUES (51, 2, 17, 1, 'Domisili', NULL, 'select', '{"nama_tabel": "ref_domisili"}', 'default', NULL, NULL, NULL, NULL);
INSERT INTO ref_item_tanya ("kode_item", "kode_jenis_vendor", "kode_kat_item_tanya", "urutan", "nama_item", "keterangan", "tipe_input", "metadata", "jenis_item", "ucr", "uch", "udcr", "udch") VALUES (52, 2, 17, 2, 'Alamat', NULL, 'textarea', NULL, 'default', NULL, NULL, NULL, NULL);
INSERT INTO ref_item_tanya ("kode_item", "kode_jenis_vendor", "kode_kat_item_tanya", "urutan", "nama_item", "keterangan", "tipe_input", "metadata", "jenis_item", "ucr", "uch", "udcr", "udch") VALUES (53, 2, 17, 3, 'No. Handphone', NULL, 'text', NULL, 'default', NULL, NULL, NULL, NULL);
INSERT INTO ref_item_tanya ("kode_item", "kode_jenis_vendor", "kode_kat_item_tanya", "urutan", "nama_item", "keterangan", "tipe_input", "metadata", "jenis_item", "ucr", "uch", "udcr", "udch") VALUES (54, 2, 17, 4, 'No. Telepon', NULL, 'text', NULL, 'default', NULL, NULL, NULL, NULL);
INSERT INTO ref_item_tanya ("kode_item", "kode_jenis_vendor", "kode_kat_item_tanya", "urutan", "nama_item", "keterangan", "tipe_input", "metadata", "jenis_item", "ucr", "uch", "udcr", "udch") VALUES (55, 2, 17, 5, 'Email', NULL, 'text', NULL, 'default', NULL, NULL, NULL, NULL);
INSERT INTO ref_item_tanya ("kode_item", "kode_jenis_vendor", "kode_kat_item_tanya", "urutan", "nama_item", "keterangan", "tipe_input", "metadata", "jenis_item", "ucr", "uch", "udcr", "udch") VALUES (56, 2, 18, 1, 'Nama Bank', NULL, 'text', NULL, 'default', NULL, NULL, NULL, NULL);
INSERT INTO ref_item_tanya ("kode_item", "kode_jenis_vendor", "kode_kat_item_tanya", "urutan", "nama_item", "keterangan", "tipe_input", "metadata", "jenis_item", "ucr", "uch", "udcr", "udch") VALUES (57, 2, 18, 2, 'Nama Pemilik Bank', NULL, 'text', NULL, 'default', NULL, NULL, NULL, NULL);
INSERT INTO ref_item_tanya ("kode_item", "kode_jenis_vendor", "kode_kat_item_tanya", "urutan", "nama_item", "keterangan", "tipe_input", "metadata", "jenis_item", "ucr", "uch", "udcr", "udch") VALUES (58, 2, 18, 3, 'Nomor Rekening Bank', NULL, 'text', NULL, 'default', NULL, NULL, NULL, NULL);
INSERT INTO ref_item_tanya ("kode_item", "kode_jenis_vendor", "kode_kat_item_tanya", "urutan", "nama_item", "keterangan", "tipe_input", "metadata", "jenis_item", "ucr", "uch", "udcr", "udch") VALUES (59, 2, 18, 4, 'Scan Buku Rekening', NULL, 'file', NULL, 'default', NULL, NULL, NULL, NULL);
INSERT INTO ref_item_tanya ("kode_item", "kode_jenis_vendor", "kode_kat_item_tanya", "urutan", "nama_item", "keterangan", "tipe_input", "metadata", "jenis_item", "ucr", "uch", "udcr", "udch") VALUES (60, 2, 19, 1, 'Surat Keterangan Domisili', NULL, 'file', NULL, 'default', NULL, NULL, NULL, NULL);
INSERT INTO ref_item_tanya ("kode_item", "kode_jenis_vendor", "kode_kat_item_tanya", "urutan", "nama_item", "keterangan", "tipe_input", "metadata", "jenis_item", "ucr", "uch", "udcr", "udch") VALUES (61, 2, 19, 2, 'Kartu Tanda Penduduk', NULL, 'file', NULL, 'default', NULL, NULL, NULL, NULL);
INSERT INTO ref_item_tanya ("kode_item", "kode_jenis_vendor", "kode_kat_item_tanya", "urutan", "nama_item", "keterangan", "tipe_input", "metadata", "jenis_item", "ucr", "uch", "udcr", "udch") VALUES (62, 2, 20, 1, 'NPWP Pribadi', NULL, 'text', NULL, 'default', NULL, NULL, NULL, NULL);
INSERT INTO ref_item_tanya ("kode_item", "kode_jenis_vendor", "kode_kat_item_tanya", "urutan", "nama_item", "keterangan", "tipe_input", "metadata", "jenis_item", "ucr", "uch", "udcr", "udch") VALUES (63, 2, 20, 2, 'Scan NPWP Pribadi', NULL, 'file', NULL, 'default', NULL, NULL, NULL, NULL);
INSERT INTO ref_item_tanya ("kode_item", "kode_jenis_vendor", "kode_kat_item_tanya", "urutan", "nama_item", "keterangan", "tipe_input", "metadata", "jenis_item", "ucr", "uch", "udcr", "udch") VALUES (64, 2, 20, 3, 'Masa Berlaku Dokumen', NULL, 'checkbox', NULL, 'default', NULL, NULL, NULL, NULL);
INSERT INTO ref_item_tanya ("kode_item", "kode_jenis_vendor", "kode_kat_item_tanya", "urutan", "nama_item", "keterangan", "tipe_input", "metadata", "jenis_item", "ucr", "uch", "udcr", "udch") VALUES (65, 2, 20, 4, 'Awal', NULL, 'text', NULL, 'default', NULL, NULL, NULL, NULL);
INSERT INTO ref_item_tanya ("kode_item", "kode_jenis_vendor", "kode_kat_item_tanya", "urutan", "nama_item", "keterangan", "tipe_input", "metadata", "jenis_item", "ucr", "uch", "udcr", "udch") VALUES (66, 2, 20, 5, 'Akhir', NULL, 'text', NULL, 'default', NULL, NULL, NULL, NULL);
INSERT INTO ref_item_tanya ("kode_item", "kode_jenis_vendor", "kode_kat_item_tanya", "urutan", "nama_item", "keterangan", "tipe_input", "metadata", "jenis_item", "ucr", "uch", "udcr", "udch") VALUES (67, 2, 20, 6, 'Bukti laporan Pajak Tahun terakhir', NULL, 'file', NULL, 'default', NULL, NULL, NULL, NULL);
INSERT INTO ref_item_tanya ("kode_item", "kode_jenis_vendor", "kode_kat_item_tanya", "urutan", "nama_item", "keterangan", "tipe_input", "metadata", "jenis_item", "ucr", "uch", "udcr", "udch") VALUES (68, 2, 20, 7, 'Masa Berlaku Dokumen', NULL, 'checkbox', NULL, 'default', NULL, NULL, NULL, NULL);
INSERT INTO ref_item_tanya ("kode_item", "kode_jenis_vendor", "kode_kat_item_tanya", "urutan", "nama_item", "keterangan", "tipe_input", "metadata", "jenis_item", "ucr", "uch", "udcr", "udch") VALUES (69, 2, 20, 8, 'Awal', NULL, 'text', NULL, 'default', NULL, NULL, NULL, NULL);
INSERT INTO ref_item_tanya ("kode_item", "kode_jenis_vendor", "kode_kat_item_tanya", "urutan", "nama_item", "keterangan", "tipe_input", "metadata", "jenis_item", "ucr", "uch", "udcr", "udch") VALUES (70, 2, 20, 9, 'Akhir', NULL, 'text', NULL, 'default', NULL, NULL, NULL, NULL);
INSERT INTO ref_item_tanya ("kode_item", "kode_jenis_vendor", "kode_kat_item_tanya", "urutan", "nama_item", "keterangan", "tipe_input", "metadata", "jenis_item", "ucr", "uch", "udcr", "udch") VALUES (71, 2, 20, 10, 'Bukti Scan SKB PPh 23 (Surat Keterangan Bebas PPh 23) jika ada', NULL, 'file', NULL, 'default', NULL, NULL, NULL, NULL);
INSERT INTO ref_item_tanya ("kode_item", "kode_jenis_vendor", "kode_kat_item_tanya", "urutan", "nama_item", "keterangan", "tipe_input", "metadata", "jenis_item", "ucr", "uch", "udcr", "udch") VALUES (72, 2, 20, 11, 'Masa Berlaku Dokumen', NULL, 'checkbox', NULL, 'default', NULL, NULL, NULL, NULL);
INSERT INTO ref_item_tanya ("kode_item", "kode_jenis_vendor", "kode_kat_item_tanya", "urutan", "nama_item", "keterangan", "tipe_input", "metadata", "jenis_item", "ucr", "uch", "udcr", "udch") VALUES (73, 2, 20, 12, 'Awal', NULL, 'text', NULL, 'default', NULL, NULL, NULL, NULL);
INSERT INTO ref_item_tanya ("kode_item", "kode_jenis_vendor", "kode_kat_item_tanya", "urutan", "nama_item", "keterangan", "tipe_input", "metadata", "jenis_item", "ucr", "uch", "udcr", "udch") VALUES (74, 2, 20, 13, 'Akhir', NULL, 'text', NULL, 'default', NULL, NULL, NULL, NULL);
INSERT INTO ref_item_tanya ("kode_item", "kode_jenis_vendor", "kode_kat_item_tanya", "urutan", "nama_item", "keterangan", "tipe_input", "metadata", "jenis_item", "ucr", "uch", "udcr", "udch") VALUES (75, 2, 20, 14, 'Bukti Scan SK PP23 (Surat Keterangan PP 23) - jika ada', NULL, 'file', NULL, 'default', NULL, NULL, NULL, NULL);
INSERT INTO ref_item_tanya ("kode_item", "kode_jenis_vendor", "kode_kat_item_tanya", "urutan", "nama_item", "keterangan", "tipe_input", "metadata", "jenis_item", "ucr", "uch", "udcr", "udch") VALUES (76, 2, 20, 15, 'Masa Berlaku Dokumen', NULL, 'checkbox', NULL, 'default', NULL, NULL, NULL, NULL);
INSERT INTO ref_item_tanya ("kode_item", "kode_jenis_vendor", "kode_kat_item_tanya", "urutan", "nama_item", "keterangan", "tipe_input", "metadata", "jenis_item", "ucr", "uch", "udcr", "udch") VALUES (77, 2, 20, 16, 'Awal', NULL, 'text', NULL, 'default', NULL, NULL, NULL, NULL);
INSERT INTO ref_item_tanya ("kode_item", "kode_jenis_vendor", "kode_kat_item_tanya", "urutan", "nama_item", "keterangan", "tipe_input", "metadata", "jenis_item", "ucr", "uch", "udcr", "udch") VALUES (78, 2, 20, 17, 'Akhir', NULL, 'text', NULL, 'default', NULL, NULL, NULL, NULL);
INSERT INTO ref_item_tanya ("kode_item", "kode_jenis_vendor", "kode_kat_item_tanya", "urutan", "nama_item", "keterangan", "tipe_input", "metadata", "jenis_item", "ucr", "uch", "udcr", "udch") VALUES (79, 2, 21, 1, 'Pengalaman', NULL, 'table', '{"nama_tabel": "ref_pengalaman_perorangan"}', 'default', NULL, NULL, NULL, NULL);
INSERT INTO ref_item_tanya ("kode_item", "kode_jenis_vendor", "kode_kat_item_tanya", "urutan", "nama_item", "keterangan", "tipe_input", "metadata", "jenis_item", "ucr", "uch", "udcr", "udch") VALUES (80, 2, 22, 1, 'Sertifikat Keahlian atau Ijazah Terakhir', NULL, 'table', '{"nama_tabel": "ref_domisili"}', 'default', NULL, NULL, NULL, NULL);


TRUNCATE TABLE ref_kelompok_item_penilaian CASCADE;
INSERT INTO ref_kelompok_item_penilaian ("kode_kelompok_item_penilaian", "nama_kelompok") VALUES (1, 'Data Diri');
INSERT INTO ref_kelompok_item_penilaian ("kode_kelompok_item_penilaian", "nama_kelompok") VALUES (2, 'Administrasi');
INSERT INTO ref_kelompok_item_penilaian ("kode_kelompok_item_penilaian", "nama_kelompok") VALUES (3, 'Teknis');
INSERT INTO ref_kelompok_item_penilaian ("kode_kelompok_item_penilaian", "nama_kelompok") VALUES (4, 'Keuangan');


TRUNCATE TABLE ref_item_penilaian CASCADE;
INSERT INTO ref_item_penilaian ("kode_item_penilaian", "kode_kelompok_item_penilaian", "nama_item", "perusahaan", "perorangan") VALUES (1, 1, 'Data Diri', 't', 't');
INSERT INTO ref_item_penilaian ("kode_item_penilaian", "kode_kelompok_item_penilaian", "nama_item", "perusahaan", "perorangan") VALUES (2, 2, 'Administrasi', 'f', 't');
INSERT INTO ref_item_penilaian ("kode_item_penilaian", "kode_kelompok_item_penilaian", "nama_item", "perusahaan", "perorangan") VALUES (3, 2, 'Landasan Hukum Pendirian Badan Usaha', 't', 'f');
INSERT INTO ref_item_penilaian ("kode_item_penilaian", "kode_kelompok_item_penilaian", "nama_item", "perusahaan", "perorangan") VALUES (4, 2, 'Pengurus Badan Usaha', 't', 'f');
INSERT INTO ref_item_penilaian ("kode_item_penilaian", "kode_kelompok_item_penilaian", "nama_item", "perusahaan", "perorangan") VALUES (5, 2, 'Izin Usaha dan Tanda Daftar Perusahaan', 't', 'f');
INSERT INTO ref_item_penilaian ("kode_item_penilaian", "kode_kelompok_item_penilaian", "nama_item", "perusahaan", "perorangan") VALUES (6, 2, 'Susunan Kepemilikan Saham / Persero', 't', 'f');
INSERT INTO ref_item_penilaian ("kode_item_penilaian", "kode_kelompok_item_penilaian", "nama_item", "perusahaan", "perorangan") VALUES (7, 2, 'Data Keuangan', 't', 'f');
INSERT INTO ref_item_penilaian ("kode_item_penilaian", "kode_kelompok_item_penilaian", "nama_item", "perusahaan", "perorangan") VALUES (8, 3, 'Teknis', 'f', 't');
INSERT INTO ref_item_penilaian ("kode_item_penilaian", "kode_kelompok_item_penilaian", "nama_item", "perusahaan", "perorangan") VALUES (9, 3, 'Data Personalia', 't', 'f');
INSERT INTO ref_item_penilaian ("kode_item_penilaian", "kode_kelompok_item_penilaian", "nama_item", "perusahaan", "perorangan") VALUES (10, 3, 'Data Fasilitas/Peralatan/Perlengkapan', 't', 'f');
INSERT INTO ref_item_penilaian ("kode_item_penilaian", "kode_kelompok_item_penilaian", "nama_item", "perusahaan", "perorangan") VALUES (11, 3, 'Pengalaman dalam kurun waktu 10 tahun', 't', 'f');
INSERT INTO ref_item_penilaian ("kode_item_penilaian", "kode_kelompok_item_penilaian", "nama_item", "perusahaan", "perorangan") VALUES (12, 3, 'Pengalaman dalam kurun waktu 3 tahun', 't', 'f');
INSERT INTO ref_item_penilaian ("kode_item_penilaian", "kode_kelompok_item_penilaian", "nama_item", "perusahaan", "perorangan") VALUES (13, 3, 'Pekerjaan yang sedang dikerjakan', 't', 'f');
INSERT INTO ref_item_penilaian ("kode_item_penilaian", "kode_kelompok_item_penilaian", "nama_item", "perusahaan", "perorangan") VALUES (14, 4, 'Keuangan', 't', 'f');
