



-- ---------------------------------
-- Records of ref_kat_dokumen_vendor
-- ---------------------------------
-- TRUNCATE TABLE ref_kat_dokumen_vendor CASCADE;
INSERT INTO ref_kat_dokumen_vendor ("kode_kat_dokumen_vendor", "kode_jenis_vendor", "urutan", "is_main", "is_has_sub", "main_kat", "nama_kategori") VALUES (1, 1, 1, 't', 'f', NULL, 'Pakta Integritas');
INSERT INTO ref_kat_dokumen_vendor ("kode_kat_dokumen_vendor", "kode_jenis_vendor", "urutan", "is_main", "is_has_sub", "main_kat", "nama_kategori") VALUES (2, 1, 2, 't', 'f', NULL, 'Data Diri');
INSERT INTO ref_kat_dokumen_vendor ("kode_kat_dokumen_vendor", "kode_jenis_vendor", "urutan", "is_main", "is_has_sub", "main_kat", "nama_kategori") VALUES (3, 1, 3, 't', 't', NULL, 'Administrasi dan Kualifikasi');
INSERT INTO ref_kat_dokumen_vendor ("kode_kat_dokumen_vendor", "kode_jenis_vendor", "urutan", "is_main", "is_has_sub", "main_kat", "nama_kategori") VALUES (4, 1, 4, 't', 't', NULL, 'Teknis');
INSERT INTO ref_kat_dokumen_vendor ("kode_kat_dokumen_vendor", "kode_jenis_vendor", "urutan", "is_main", "is_has_sub", "main_kat", "nama_kategori") VALUES (5, 1, 5, 't', 'f', NULL, 'Keuangan');
INSERT INTO ref_kat_dokumen_vendor ("kode_kat_dokumen_vendor", "kode_jenis_vendor", "urutan", "is_main", "is_has_sub", "main_kat", "nama_kategori") VALUES (6, 1, 1, 'f', 'f', 3, 'Landasan Hukum Pendirian Badan Usaha');
INSERT INTO ref_kat_dokumen_vendor ("kode_kat_dokumen_vendor", "kode_jenis_vendor", "urutan", "is_main", "is_has_sub", "main_kat", "nama_kategori") VALUES (7, 1, 2, 'f', 'f', 3, 'Pengurus Badan Usaha');
INSERT INTO ref_kat_dokumen_vendor ("kode_kat_dokumen_vendor", "kode_jenis_vendor", "urutan", "is_main", "is_has_sub", "main_kat", "nama_kategori") VALUES (8, 1, 3, 'f', 'f', 3, 'Izin Usaha');
INSERT INTO ref_kat_dokumen_vendor ("kode_kat_dokumen_vendor", "kode_jenis_vendor", "urutan", "is_main", "is_has_sub", "main_kat", "nama_kategori") VALUES (9, 1, 4, 'f', 'f', 3, 'Susunan Kepemilikan Saham / Persero');
INSERT INTO ref_kat_dokumen_vendor ("kode_kat_dokumen_vendor", "kode_jenis_vendor", "urutan", "is_main", "is_has_sub", "main_kat", "nama_kategori") VALUES (10, 1, 5, 'f', 'f', 3, 'Data Keuangan');
INSERT INTO ref_kat_dokumen_vendor ("kode_kat_dokumen_vendor", "kode_jenis_vendor", "urutan", "is_main", "is_has_sub", "main_kat", "nama_kategori") VALUES (11, 1, 1, 'f', 'f', 4, 'Data Personalia');
INSERT INTO ref_kat_dokumen_vendor ("kode_kat_dokumen_vendor", "kode_jenis_vendor", "urutan", "is_main", "is_has_sub", "main_kat", "nama_kategori") VALUES (12, 1, 2, 'f', 'f', 4, 'Data Fasilitas/Peralatan/Perlengkapan');
INSERT INTO ref_kat_dokumen_vendor ("kode_kat_dokumen_vendor", "kode_jenis_vendor", "urutan", "is_main", "is_has_sub", "main_kat", "nama_kategori") VALUES (13, 1, 3, 'f', 'f', 4, 'Pengalaman');
INSERT INTO ref_kat_dokumen_vendor ("kode_kat_dokumen_vendor", "kode_jenis_vendor", "urutan", "is_main", "is_has_sub", "main_kat", "nama_kategori") VALUES (14, 1, 4, 'f', 'f', 4, 'Pekerjaan yang sedang dikerjakan');
INSERT INTO ref_kat_dokumen_vendor ("kode_kat_dokumen_vendor", "kode_jenis_vendor", "urutan", "is_main", "is_has_sub", "main_kat", "nama_kategori") VALUES (15, 2, 1, 't', 'f', NULL, 'Pakta Integritas');
INSERT INTO ref_kat_dokumen_vendor ("kode_kat_dokumen_vendor", "kode_jenis_vendor", "urutan", "is_main", "is_has_sub", "main_kat", "nama_kategori") VALUES (16, 2, 2, 't', 'f', NULL, 'Data Diri');
INSERT INTO ref_kat_dokumen_vendor ("kode_kat_dokumen_vendor", "kode_jenis_vendor", "urutan", "is_main", "is_has_sub", "main_kat", "nama_kategori") VALUES (17, 2, 3, 't', 'f', NULL, 'Administrasi dan Kualifikasi');
INSERT INTO ref_kat_dokumen_vendor ("kode_kat_dokumen_vendor", "kode_jenis_vendor", "urutan", "is_main", "is_has_sub", "main_kat", "nama_kategori") VALUES (18, 2, 4, 't', 'f', NULL, 'Teknis');




-- ----------------------------
-- Records of ref_kat_item_tanya
-- ----------------------------
-- TRUNCATE TABLE ref_kat_item_tanya CASCADE;
INSERT INTO ref_kat_item_tanya ("kode_kat_item_tanya", "kode_kat_dokumen_vendor", "urutan", "kategori_item") VALUES (1, 1, 1, 'Pakta Integritas');
INSERT INTO ref_kat_item_tanya ("kode_kat_item_tanya", "kode_kat_dokumen_vendor", "urutan", "kategori_item") VALUES (2, 2, 1, 'Identitas Perusahaan');
INSERT INTO ref_kat_item_tanya ("kode_kat_item_tanya", "kode_kat_dokumen_vendor", "urutan", "kategori_item") VALUES (3, 2, 2, 'Bank');
INSERT INTO ref_kat_item_tanya ("kode_kat_item_tanya", "kode_kat_dokumen_vendor", "urutan", "kategori_item") VALUES (4, 6, 1, 'Akta Pendirian Perusahaan/Anggaran Dasar Koperasi');
INSERT INTO ref_kat_item_tanya ("kode_kat_item_tanya", "kode_kat_dokumen_vendor", "urutan", "kategori_item") VALUES (5, 6, 2, 'Perubahan Terakhir Akta Pendirian Perusahaan /Anggaran Dasar Koperasi');
INSERT INTO ref_kat_item_tanya ("kode_kat_item_tanya", "kode_kat_dokumen_vendor", "urutan", "kategori_item") VALUES (6, 7, 1, 'Komisaris untuk Perseroan Terbatas (PT)');
INSERT INTO ref_kat_item_tanya ("kode_kat_item_tanya", "kode_kat_dokumen_vendor", "urutan", "kategori_item") VALUES (7, 7, 2, 'Direksi/Pengurus Badan Usaha');
INSERT INTO ref_kat_item_tanya ("kode_kat_item_tanya", "kode_kat_dokumen_vendor", "urutan", "kategori_item") VALUES (8, 8, 1, 'Izin Usaha dan Tanda Daftar Perusahaan');
INSERT INTO ref_kat_item_tanya ("kode_kat_item_tanya", "kode_kat_dokumen_vendor", "urutan", "kategori_item") VALUES (9, 9, 1, 'Susunan Kepemilikan Saham (PT) / Susunan Pesero (CV/Firma)');
INSERT INTO ref_kat_item_tanya ("kode_kat_item_tanya", "kode_kat_dokumen_vendor", "urutan", "kategori_item") VALUES (10, 10, 1, 'Data Keuangan');
INSERT INTO ref_kat_item_tanya ("kode_kat_item_tanya", "kode_kat_dokumen_vendor", "urutan", "kategori_item") VALUES (11, 11, 1, 'Data Personalia');
INSERT INTO ref_kat_item_tanya ("kode_kat_item_tanya", "kode_kat_dokumen_vendor", "urutan", "kategori_item") VALUES (12, 12, 1, 'Data Fasilitas/Peralatan/Perlengkapan');
INSERT INTO ref_kat_item_tanya ("kode_kat_item_tanya", "kode_kat_dokumen_vendor", "urutan", "kategori_item") VALUES (13, 13, 1, 'Pengalaman');
INSERT INTO ref_kat_item_tanya ("kode_kat_item_tanya", "kode_kat_dokumen_vendor", "urutan", "kategori_item") VALUES (14, 14, 1, 'Pekerjaan yang Sedang Dikerjakan');
INSERT INTO ref_kat_item_tanya ("kode_kat_item_tanya", "kode_kat_dokumen_vendor", "urutan", "kategori_item") VALUES (15, 5, 1, 'Data Keuangan');
INSERT INTO ref_kat_item_tanya ("kode_kat_item_tanya", "kode_kat_dokumen_vendor", "urutan", "kategori_item") VALUES (16, 15, 1, 'Pakta Integritas');
INSERT INTO ref_kat_item_tanya ("kode_kat_item_tanya", "kode_kat_dokumen_vendor", "urutan", "kategori_item") VALUES (17, 16, 1, 'Identitas Diri');
INSERT INTO ref_kat_item_tanya ("kode_kat_item_tanya", "kode_kat_dokumen_vendor", "urutan", "kategori_item") VALUES (18, 16, 2, 'Bank');
INSERT INTO ref_kat_item_tanya ("kode_kat_item_tanya", "kode_kat_dokumen_vendor", "urutan", "kategori_item") VALUES (19, 17, 1, 'Data Pribadi');
INSERT INTO ref_kat_item_tanya ("kode_kat_item_tanya", "kode_kat_dokumen_vendor", "urutan", "kategori_item") VALUES (20, 17, 2, 'NPWP Pribadi');
INSERT INTO ref_kat_item_tanya ("kode_kat_item_tanya", "kode_kat_dokumen_vendor", "urutan", "kategori_item") VALUES (21, 18, 1, 'Pengalaman');
INSERT INTO ref_kat_item_tanya ("kode_kat_item_tanya", "kode_kat_dokumen_vendor", "urutan", "kategori_item") VALUES (22, 18, 2, 'Sertifikat Keahlian atau Ijazah Terakhir');



-- ----------------------------
-- Records of ref_item_tanya
-- ----------------------------
INSERT INTO "public"."ref_item_tanya" ("kode_item", "kode_jenis_vendor", "kode_kat_dokumen_vendor", "kode_kat_item_tanya", "urutan", "nama_item", "keterangan", "nama_unik", "tipe_input", "metadata", "jenis_item", "ucr", "uch", "udcr", "udch", "is_required") VALUES (2, 1, 2, 2, 1, 'Nama Badan Usaha', NULL, NULL, 'text', NULL, 'default', NULL, NULL, NULL, NULL, 'f');
INSERT INTO "public"."ref_item_tanya" ("kode_item", "kode_jenis_vendor", "kode_kat_dokumen_vendor", "kode_kat_item_tanya", "urutan", "nama_item", "keterangan", "nama_unik", "tipe_input", "metadata", "jenis_item", "ucr", "uch", "udcr", "udch", "is_required") VALUES (3, 1, 2, 2, 2, 'Domisili', NULL, NULL, 'select', '{"nama_tabel": "ref_domisili"}', 'default', NULL, NULL, NULL, NULL, 'f');
INSERT INTO "public"."ref_item_tanya" ("kode_item", "kode_jenis_vendor", "kode_kat_dokumen_vendor", "kode_kat_item_tanya", "urutan", "nama_item", "keterangan", "nama_unik", "tipe_input", "metadata", "jenis_item", "ucr", "uch", "udcr", "udch", "is_required") VALUES (4, 1, 2, 2, 3, 'Alamat', NULL, NULL, 'textarea', NULL, 'default', NULL, NULL, NULL, NULL, 'f');
INSERT INTO "public"."ref_item_tanya" ("kode_item", "kode_jenis_vendor", "kode_kat_dokumen_vendor", "kode_kat_item_tanya", "urutan", "nama_item", "keterangan", "nama_unik", "tipe_input", "metadata", "jenis_item", "ucr", "uch", "udcr", "udch", "is_required") VALUES (5, 1, 2, 2, 4, 'No. Handphone', NULL, NULL, 'text', NULL, 'default', NULL, NULL, NULL, NULL, 'f');
INSERT INTO "public"."ref_item_tanya" ("kode_item", "kode_jenis_vendor", "kode_kat_dokumen_vendor", "kode_kat_item_tanya", "urutan", "nama_item", "keterangan", "nama_unik", "tipe_input", "metadata", "jenis_item", "ucr", "uch", "udcr", "udch", "is_required") VALUES (6, 1, 2, 2, 5, 'No. Telepon', NULL, NULL, 'text', NULL, 'default', NULL, NULL, NULL, NULL, 'f');
INSERT INTO "public"."ref_item_tanya" ("kode_item", "kode_jenis_vendor", "kode_kat_dokumen_vendor", "kode_kat_item_tanya", "urutan", "nama_item", "keterangan", "nama_unik", "tipe_input", "metadata", "jenis_item", "ucr", "uch", "udcr", "udch", "is_required") VALUES (7, 1, 2, 2, 6, 'No. Fax', NULL, NULL, 'text', NULL, 'default', NULL, NULL, NULL, NULL, 'f');
INSERT INTO "public"."ref_item_tanya" ("kode_item", "kode_jenis_vendor", "kode_kat_dokumen_vendor", "kode_kat_item_tanya", "urutan", "nama_item", "keterangan", "nama_unik", "tipe_input", "metadata", "jenis_item", "ucr", "uch", "udcr", "udch", "is_required") VALUES (9, 1, 2, 3, 1, 'Nama Bank', NULL, NULL, 'text', NULL, 'default', NULL, NULL, NULL, NULL, 'f');
INSERT INTO "public"."ref_item_tanya" ("kode_item", "kode_jenis_vendor", "kode_kat_dokumen_vendor", "kode_kat_item_tanya", "urutan", "nama_item", "keterangan", "nama_unik", "tipe_input", "metadata", "jenis_item", "ucr", "uch", "udcr", "udch", "is_required") VALUES (10, 1, 2, 3, 2, 'Nama Pemilik Bank', NULL, NULL, 'text', NULL, 'default', NULL, NULL, NULL, NULL, 'f');
INSERT INTO "public"."ref_item_tanya" ("kode_item", "kode_jenis_vendor", "kode_kat_dokumen_vendor", "kode_kat_item_tanya", "urutan", "nama_item", "keterangan", "nama_unik", "tipe_input", "metadata", "jenis_item", "ucr", "uch", "udcr", "udch", "is_required") VALUES (11, 1, 2, 3, 3, 'Nomor Rekening Bank', NULL, NULL, 'text', NULL, 'default', NULL, NULL, NULL, NULL, 'f');
INSERT INTO "public"."ref_item_tanya" ("kode_item", "kode_jenis_vendor", "kode_kat_dokumen_vendor", "kode_kat_item_tanya", "urutan", "nama_item", "keterangan", "nama_unik", "tipe_input", "metadata", "jenis_item", "ucr", "uch", "udcr", "udch", "is_required") VALUES (12, 1, 2, 3, 4, 'Scan Buku Rekening', NULL, NULL, 'file', NULL, 'default', NULL, NULL, NULL, NULL, 'f');
INSERT INTO "public"."ref_item_tanya" ("kode_item", "kode_jenis_vendor", "kode_kat_dokumen_vendor", "kode_kat_item_tanya", "urutan", "nama_item", "keterangan", "nama_unik", "tipe_input", "metadata", "jenis_item", "ucr", "uch", "udcr", "udch", "is_required") VALUES (13, 1, 2, 3, 5, 'Scan Form Ikut Serta', NULL, NULL, 'file', NULL, 'default', NULL, NULL, NULL, NULL, 'f');
INSERT INTO "public"."ref_item_tanya" ("kode_item", "kode_jenis_vendor", "kode_kat_dokumen_vendor", "kode_kat_item_tanya", "urutan", "nama_item", "keterangan", "nama_unik", "tipe_input", "metadata", "jenis_item", "ucr", "uch", "udcr", "udch", "is_required") VALUES (14, 1, 2, 3, 6, 'Scan Surat Kuasa', NULL, NULL, 'file', NULL, 'default', NULL, NULL, NULL, NULL, 'f');
INSERT INTO "public"."ref_item_tanya" ("kode_item", "kode_jenis_vendor", "kode_kat_dokumen_vendor", "kode_kat_item_tanya", "urutan", "nama_item", "keterangan", "nama_unik", "tipe_input", "metadata", "jenis_item", "ucr", "uch", "udcr", "udch", "is_required") VALUES (15, 1, 6, 4, 1, 'Nomor', NULL, NULL, 'text', NULL, 'default', NULL, NULL, NULL, NULL, 'f');
INSERT INTO "public"."ref_item_tanya" ("kode_item", "kode_jenis_vendor", "kode_kat_dokumen_vendor", "kode_kat_item_tanya", "urutan", "nama_item", "keterangan", "nama_unik", "tipe_input", "metadata", "jenis_item", "ucr", "uch", "udcr", "udch", "is_required") VALUES (17, 1, 6, 4, 3, 'Nama Notaris', NULL, NULL, 'text', NULL, 'default', NULL, NULL, NULL, NULL, 'f');
INSERT INTO "public"."ref_item_tanya" ("kode_item", "kode_jenis_vendor", "kode_kat_dokumen_vendor", "kode_kat_item_tanya", "urutan", "nama_item", "keterangan", "nama_unik", "tipe_input", "metadata", "jenis_item", "ucr", "uch", "udcr", "udch", "is_required") VALUES (18, 1, 6, 4, 4, 'Nomor Pengesahan/pendaftaran', NULL, NULL, 'text', NULL, 'default', NULL, NULL, NULL, NULL, 'f');
INSERT INTO "public"."ref_item_tanya" ("kode_item", "kode_jenis_vendor", "kode_kat_dokumen_vendor", "kode_kat_item_tanya", "urutan", "nama_item", "keterangan", "nama_unik", "tipe_input", "metadata", "jenis_item", "ucr", "uch", "udcr", "udch", "is_required") VALUES (19, 1, 6, 4, 5, 'Bukti Scan', NULL, NULL, 'file', NULL, 'default', NULL, NULL, NULL, NULL, 'f');
INSERT INTO "public"."ref_item_tanya" ("kode_item", "kode_jenis_vendor", "kode_kat_dokumen_vendor", "kode_kat_item_tanya", "urutan", "nama_item", "keterangan", "nama_unik", "tipe_input", "metadata", "jenis_item", "ucr", "uch", "udcr", "udch", "is_required") VALUES (20, 1, 6, 5, 1, 'Nomor', NULL, NULL, 'text', NULL, 'default', NULL, NULL, NULL, NULL, 'f');
INSERT INTO "public"."ref_item_tanya" ("kode_item", "kode_jenis_vendor", "kode_kat_dokumen_vendor", "kode_kat_item_tanya", "urutan", "nama_item", "keterangan", "nama_unik", "tipe_input", "metadata", "jenis_item", "ucr", "uch", "udcr", "udch", "is_required") VALUES (22, 1, 6, 5, 3, 'Nama Notaris', NULL, NULL, 'text', NULL, 'default', NULL, NULL, NULL, NULL, 'f');
INSERT INTO "public"."ref_item_tanya" ("kode_item", "kode_jenis_vendor", "kode_kat_dokumen_vendor", "kode_kat_item_tanya", "urutan", "nama_item", "keterangan", "nama_unik", "tipe_input", "metadata", "jenis_item", "ucr", "uch", "udcr", "udch", "is_required") VALUES (23, 1, 6, 5, 4, 'Nomor Pengesahan/pendaftaran', NULL, NULL, 'text', NULL, 'default', NULL, NULL, NULL, NULL, 'f');
INSERT INTO "public"."ref_item_tanya" ("kode_item", "kode_jenis_vendor", "kode_kat_dokumen_vendor", "kode_kat_item_tanya", "urutan", "nama_item", "keterangan", "nama_unik", "tipe_input", "metadata", "jenis_item", "ucr", "uch", "udcr", "udch", "is_required") VALUES (24, 1, 6, 5, 5, 'Bukti Scan', NULL, NULL, 'file', NULL, 'default', NULL, NULL, NULL, NULL, 'f');
INSERT INTO "public"."ref_item_tanya" ("kode_item", "kode_jenis_vendor", "kode_kat_dokumen_vendor", "kode_kat_item_tanya", "urutan", "nama_item", "keterangan", "nama_unik", "tipe_input", "metadata", "jenis_item", "ucr", "uch", "udcr", "udch", "is_required") VALUES (25, 1, 7, 6, 1, 'Komisaris untuk Perseroan Terbatas (PT)', NULL, NULL, 'table', '{"nama_tabel": "ref_komisaris_vendor"}', 'default', NULL, NULL, NULL, NULL, 'f');
INSERT INTO "public"."ref_item_tanya" ("kode_item", "kode_jenis_vendor", "kode_kat_dokumen_vendor", "kode_kat_item_tanya", "urutan", "nama_item", "keterangan", "nama_unik", "tipe_input", "metadata", "jenis_item", "ucr", "uch", "udcr", "udch", "is_required") VALUES (26, 1, 7, 7, 1, 'Direksi/Pengurus Badan Usaha', NULL, NULL, 'table', '{"nama_tabel": "ref_direksi_vendor"}', 'default', NULL, NULL, NULL, NULL, 'f');
INSERT INTO "public"."ref_item_tanya" ("kode_item", "kode_jenis_vendor", "kode_kat_dokumen_vendor", "kode_kat_item_tanya", "urutan", "nama_item", "keterangan", "nama_unik", "tipe_input", "metadata", "jenis_item", "ucr", "uch", "udcr", "udch", "is_required") VALUES (27, 1, 8, 8, 1, 'Izin Usaha dan Tanda Daftar Perusahaan', NULL, NULL, 'table', '{"nama_tabel": "ref_ijin_usaha_perusahaan"}', 'default', NULL, NULL, NULL, NULL, 'f');
INSERT INTO "public"."ref_item_tanya" ("kode_item", "kode_jenis_vendor", "kode_kat_dokumen_vendor", "kode_kat_item_tanya", "urutan", "nama_item", "keterangan", "nama_unik", "tipe_input", "metadata", "jenis_item", "ucr", "uch", "udcr", "udch", "is_required") VALUES (28, 1, 9, 9, 1, 'Susunan Kepemilikan Saham (PT) / Susunan Pesero (CV/Firma)', NULL, NULL, 'table', '{"nama_tabel": "ref_saham_perusahaan"}', 'default', NULL, NULL, NULL, NULL, 'f');
INSERT INTO "public"."ref_item_tanya" ("kode_item", "kode_jenis_vendor", "kode_kat_dokumen_vendor", "kode_kat_item_tanya", "urutan", "nama_item", "keterangan", "nama_unik", "tipe_input", "metadata", "jenis_item", "ucr", "uch", "udcr", "udch", "is_required") VALUES (29, 1, 10, 10, 1, 'Nomor Pokok Wajib Pajak', NULL, NULL, 'text', NULL, 'default', NULL, NULL, NULL, NULL, 'f');
INSERT INTO "public"."ref_item_tanya" ("kode_item", "kode_jenis_vendor", "kode_kat_dokumen_vendor", "kode_kat_item_tanya", "urutan", "nama_item", "keterangan", "nama_unik", "tipe_input", "metadata", "jenis_item", "ucr", "uch", "udcr", "udch", "is_required") VALUES (30, 1, 10, 10, 2, 'Bukti SPT dan NPWP Perusahaan', NULL, NULL, 'file', NULL, 'default', NULL, NULL, NULL, NULL, 'f');
INSERT INTO "public"."ref_item_tanya" ("kode_item", "kode_jenis_vendor", "kode_kat_dokumen_vendor", "kode_kat_item_tanya", "urutan", "nama_item", "keterangan", "nama_unik", "tipe_input", "metadata", "jenis_item", "ucr", "uch", "udcr", "udch", "is_required") VALUES (31, 1, 10, 10, 3, 'Masa Berlaku Dokumen', NULL, NULL, 'checkbox', NULL, 'default', NULL, NULL, NULL, NULL, 'f');
INSERT INTO "public"."ref_item_tanya" ("kode_item", "kode_jenis_vendor", "kode_kat_dokumen_vendor", "kode_kat_item_tanya", "urutan", "nama_item", "keterangan", "nama_unik", "tipe_input", "metadata", "jenis_item", "ucr", "uch", "udcr", "udch", "is_required") VALUES (34, 1, 10, 10, 6, 'Bukti Scan SKB PPh 23 (Surat Keterangan Bebas PPh 23) - jika ada', NULL, NULL, 'file', NULL, 'default', NULL, NULL, NULL, NULL, 'f');
INSERT INTO "public"."ref_item_tanya" ("kode_item", "kode_jenis_vendor", "kode_kat_dokumen_vendor", "kode_kat_item_tanya", "urutan", "nama_item", "keterangan", "nama_unik", "tipe_input", "metadata", "jenis_item", "ucr", "uch", "udcr", "udch", "is_required") VALUES (35, 1, 10, 10, 7, 'Masa Berlaku Dokumen', NULL, NULL, 'checkbox', NULL, 'default', NULL, NULL, NULL, NULL, 'f');
INSERT INTO "public"."ref_item_tanya" ("kode_item", "kode_jenis_vendor", "kode_kat_dokumen_vendor", "kode_kat_item_tanya", "urutan", "nama_item", "keterangan", "nama_unik", "tipe_input", "metadata", "jenis_item", "ucr", "uch", "udcr", "udch", "is_required") VALUES (38, 1, 10, 10, 10, 'Bukti Scan SK PP23 (Surat Keterangan PP 23) - jika ada', NULL, NULL, 'file', NULL, 'default', NULL, NULL, NULL, NULL, 'f');
INSERT INTO "public"."ref_item_tanya" ("kode_item", "kode_jenis_vendor", "kode_kat_dokumen_vendor", "kode_kat_item_tanya", "urutan", "nama_item", "keterangan", "nama_unik", "tipe_input", "metadata", "jenis_item", "ucr", "uch", "udcr", "udch", "is_required") VALUES (39, 1, 10, 10, 11, 'Masa Berlaku Dokumen', NULL, NULL, 'checkbox', NULL, 'default', NULL, NULL, NULL, NULL, 'f');
INSERT INTO "public"."ref_item_tanya" ("kode_item", "kode_jenis_vendor", "kode_kat_dokumen_vendor", "kode_kat_item_tanya", "urutan", "nama_item", "keterangan", "nama_unik", "tipe_input", "metadata", "jenis_item", "ucr", "uch", "udcr", "udch", "is_required") VALUES (42, 1, 11, 11, 1, 'Data Personalia (Tenaga Ahli/Teknis/Terampil Badan Usaha)', NULL, NULL, 'table', '{"nama_tabel": "ref_personalia_perusahaan"}', 'default', NULL, NULL, NULL, NULL, 'f');
INSERT INTO "public"."ref_item_tanya" ("kode_item", "kode_jenis_vendor", "kode_kat_dokumen_vendor", "kode_kat_item_tanya", "urutan", "nama_item", "keterangan", "nama_unik", "tipe_input", "metadata", "jenis_item", "ucr", "uch", "udcr", "udch", "is_required") VALUES (43, 1, 12, 12, 1, 'Data Fasilitas/Peralatan/Perlengkapan', NULL, NULL, 'table', '{"nama_tabel": "ref_fasilitas_perusahaan"}', 'default', NULL, NULL, NULL, NULL, 'f');
INSERT INTO "public"."ref_item_tanya" ("kode_item", "kode_jenis_vendor", "kode_kat_dokumen_vendor", "kode_kat_item_tanya", "urutan", "nama_item", "keterangan", "nama_unik", "tipe_input", "metadata", "jenis_item", "ucr", "uch", "udcr", "udch", "is_required") VALUES (44, 1, 13, 13, 1, 'Pengalaman', NULL, NULL, 'table', '{"nama_tabel": "ref_pengalaman"}', 'default', NULL, NULL, NULL, NULL, 'f');
INSERT INTO "public"."ref_item_tanya" ("kode_item", "kode_jenis_vendor", "kode_kat_dokumen_vendor", "kode_kat_item_tanya", "urutan", "nama_item", "keterangan", "nama_unik", "tipe_input", "metadata", "jenis_item", "ucr", "uch", "udcr", "udch", "is_required") VALUES (45, 1, 14, 14, 1, 'Data Pekerjaan yang Sedang Dilaksanakan', NULL, NULL, 'table', '{"nama_tabel": "ref_pengalaman_sekarang"}', 'default', NULL, NULL, NULL, NULL, 'f');
INSERT INTO "public"."ref_item_tanya" ("kode_item", "kode_jenis_vendor", "kode_kat_dokumen_vendor", "kode_kat_item_tanya", "urutan", "nama_item", "keterangan", "nama_unik", "tipe_input", "metadata", "jenis_item", "ucr", "uch", "udcr", "udch", "is_required") VALUES (46, 1, 5, 15, 1, 'Laporan Keuangan', NULL, NULL, 'text', NULL, 'default', NULL, NULL, NULL, NULL, 'f');
INSERT INTO "public"."ref_item_tanya" ("kode_item", "kode_jenis_vendor", "kode_kat_dokumen_vendor", "kode_kat_item_tanya", "urutan", "nama_item", "keterangan", "nama_unik", "tipe_input", "metadata", "jenis_item", "ucr", "uch", "udcr", "udch", "is_required") VALUES (47, 1, 5, 15, 2, 'Scan', NULL, NULL, 'file', NULL, 'default', NULL, NULL, NULL, NULL, 'f');
INSERT INTO "public"."ref_item_tanya" ("kode_item", "kode_jenis_vendor", "kode_kat_dokumen_vendor", "kode_kat_item_tanya", "urutan", "nama_item", "keterangan", "nama_unik", "tipe_input", "metadata", "jenis_item", "ucr", "uch", "udcr", "udch", "is_required") VALUES (48, 1, 5, 15, 3, 'Masa Berlaku Dokumen', NULL, NULL, 'checkbox', NULL, 'default', NULL, NULL, NULL, NULL, 'f');
INSERT INTO "public"."ref_item_tanya" ("kode_item", "kode_jenis_vendor", "kode_kat_dokumen_vendor", "kode_kat_item_tanya", "urutan", "nama_item", "keterangan", "nama_unik", "tipe_input", "metadata", "jenis_item", "ucr", "uch", "udcr", "udch", "is_required") VALUES (59, 2, 16, 18, 2, 'Nama Pemilik Bank', NULL, NULL, 'text', NULL, 'default', NULL, NULL, NULL, NULL, 'f');
INSERT INTO "public"."ref_item_tanya" ("kode_item", "kode_jenis_vendor", "kode_kat_dokumen_vendor", "kode_kat_item_tanya", "urutan", "nama_item", "keterangan", "nama_unik", "tipe_input", "metadata", "jenis_item", "ucr", "uch", "udcr", "udch", "is_required") VALUES (60, 2, 16, 18, 3, 'Nomor Rekening Bank', NULL, NULL, 'text', NULL, 'default', NULL, NULL, NULL, NULL, 'f');
INSERT INTO "public"."ref_item_tanya" ("kode_item", "kode_jenis_vendor", "kode_kat_dokumen_vendor", "kode_kat_item_tanya", "urutan", "nama_item", "keterangan", "nama_unik", "tipe_input", "metadata", "jenis_item", "ucr", "uch", "udcr", "udch", "is_required") VALUES (66, 2, 17, 20, 3, 'Masa Berlaku Dokumen', NULL, NULL, 'checkbox', NULL, 'default', NULL, NULL, NULL, NULL, 'f');
INSERT INTO "public"."ref_item_tanya" ("kode_item", "kode_jenis_vendor", "kode_kat_dokumen_vendor", "kode_kat_item_tanya", "urutan", "nama_item", "keterangan", "nama_unik", "tipe_input", "metadata", "jenis_item", "ucr", "uch", "udcr", "udch", "is_required") VALUES (69, 2, 17, 20, 6, 'Bukti laporan Pajak Tahun terakhir', NULL, NULL, 'file', NULL, 'default', NULL, NULL, NULL, NULL, 'f');
INSERT INTO "public"."ref_item_tanya" ("kode_item", "kode_jenis_vendor", "kode_kat_dokumen_vendor", "kode_kat_item_tanya", "urutan", "nama_item", "keterangan", "nama_unik", "tipe_input", "metadata", "jenis_item", "ucr", "uch", "udcr", "udch", "is_required") VALUES (70, 2, 17, 20, 7, 'Masa Berlaku Dokumen', NULL, NULL, 'checkbox', NULL, 'default', NULL, NULL, NULL, NULL, 'f');
INSERT INTO "public"."ref_item_tanya" ("kode_item", "kode_jenis_vendor", "kode_kat_dokumen_vendor", "kode_kat_item_tanya", "urutan", "nama_item", "keterangan", "nama_unik", "tipe_input", "metadata", "jenis_item", "ucr", "uch", "udcr", "udch", "is_required") VALUES (73, 2, 17, 20, 10, 'Bukti Scan SKB PPh 23 (Surat Keterangan Bebas PPh 23) jika ada', NULL, NULL, 'file', NULL, 'default', NULL, NULL, NULL, NULL, 'f');
INSERT INTO "public"."ref_item_tanya" ("kode_item", "kode_jenis_vendor", "kode_kat_dokumen_vendor", "kode_kat_item_tanya", "urutan", "nama_item", "keterangan", "nama_unik", "tipe_input", "metadata", "jenis_item", "ucr", "uch", "udcr", "udch", "is_required") VALUES (74, 2, 17, 20, 11, 'Masa Berlaku Dokumen', NULL, NULL, 'checkbox', NULL, 'default', NULL, NULL, NULL, NULL, 'f');
INSERT INTO "public"."ref_item_tanya" ("kode_item", "kode_jenis_vendor", "kode_kat_dokumen_vendor", "kode_kat_item_tanya", "urutan", "nama_item", "keterangan", "nama_unik", "tipe_input", "metadata", "jenis_item", "ucr", "uch", "udcr", "udch", "is_required") VALUES (77, 2, 17, 20, 14, 'Bukti Scan SK PP23 (Surat Keterangan PP 23) - jika ada', NULL, NULL, 'file', NULL, 'default', NULL, NULL, NULL, NULL, 'f');
INSERT INTO "public"."ref_item_tanya" ("kode_item", "kode_jenis_vendor", "kode_kat_dokumen_vendor", "kode_kat_item_tanya", "urutan", "nama_item", "keterangan", "nama_unik", "tipe_input", "metadata", "jenis_item", "ucr", "uch", "udcr", "udch", "is_required") VALUES (78, 2, 17, 20, 15, 'Masa Berlaku Dokumen', NULL, NULL, 'checkbox', NULL, 'default', NULL, NULL, NULL, NULL, 'f');
INSERT INTO "public"."ref_item_tanya" ("kode_item", "kode_jenis_vendor", "kode_kat_dokumen_vendor", "kode_kat_item_tanya", "urutan", "nama_item", "keterangan", "nama_unik", "tipe_input", "metadata", "jenis_item", "ucr", "uch", "udcr", "udch", "is_required") VALUES (51, 2, 15, 16, 1, 'Pakta Integritas', 'Tidak akan melakukan praktek Korupsi, Kolusi, dan Nepotisme|Akan melaporkan kepada PA/KPA jika mengetahui terjadinya praktik Korupsi, Kolusi, dan Nepotisme dalam proses pengadaan ini|Akan mengikuti proses pengadaan secara bersih, transparan, dan profesional untuk memberikan hasil kerja terbaik sesuai ketentuan peraturan perundang-undangan dan|Apabila melanggar hal-hal yang dinyatakan dalam angka 1), 2) dan 3) maka bersedia menerima sanksi sesuai dengan peraturan perundang-undangan.', 'pakta_integritas_2', 'checkbox', NULL, 'default', NULL, NULL, NULL, NULL, 'f');
INSERT INTO "public"."ref_item_tanya" ("kode_item", "kode_jenis_vendor", "kode_kat_dokumen_vendor", "kode_kat_item_tanya", "urutan", "nama_item", "keterangan", "nama_unik", "tipe_input", "metadata", "jenis_item", "ucr", "uch", "udcr", "udch", "is_required") VALUES (52, 2, 16, 17, 1, 'Nama Badan Usaha', NULL, NULL, 'text', NULL, 'default', NULL, NULL, NULL, NULL, 't');
INSERT INTO "public"."ref_item_tanya" ("kode_item", "kode_jenis_vendor", "kode_kat_dokumen_vendor", "kode_kat_item_tanya", "urutan", "nama_item", "keterangan", "nama_unik", "tipe_input", "metadata", "jenis_item", "ucr", "uch", "udcr", "udch", "is_required") VALUES (53, 2, 16, 17, 2, 'Domisili', NULL, NULL, 'select', '{"nama_tabel": "ref_domisili"}', 'default', NULL, NULL, NULL, NULL, 't');
INSERT INTO "public"."ref_item_tanya" ("kode_item", "kode_jenis_vendor", "kode_kat_dokumen_vendor", "kode_kat_item_tanya", "urutan", "nama_item", "keterangan", "nama_unik", "tipe_input", "metadata", "jenis_item", "ucr", "uch", "udcr", "udch", "is_required") VALUES (54, 2, 16, 17, 2, 'Alamat', NULL, NULL, 'textarea', NULL, 'default', NULL, NULL, NULL, NULL, 't');
INSERT INTO "public"."ref_item_tanya" ("kode_item", "kode_jenis_vendor", "kode_kat_dokumen_vendor", "kode_kat_item_tanya", "urutan", "nama_item", "keterangan", "nama_unik", "tipe_input", "metadata", "jenis_item", "ucr", "uch", "udcr", "udch", "is_required") VALUES (55, 2, 16, 17, 3, 'No. Handphone', NULL, NULL, 'text', NULL, 'default', NULL, NULL, NULL, NULL, 't');
INSERT INTO "public"."ref_item_tanya" ("kode_item", "kode_jenis_vendor", "kode_kat_dokumen_vendor", "kode_kat_item_tanya", "urutan", "nama_item", "keterangan", "nama_unik", "tipe_input", "metadata", "jenis_item", "ucr", "uch", "udcr", "udch", "is_required") VALUES (56, 2, 16, 17, 4, 'No. Telepon', NULL, NULL, 'text', NULL, 'default', NULL, NULL, NULL, NULL, 't');
INSERT INTO "public"."ref_item_tanya" ("kode_item", "kode_jenis_vendor", "kode_kat_dokumen_vendor", "kode_kat_item_tanya", "urutan", "nama_item", "keterangan", "nama_unik", "tipe_input", "metadata", "jenis_item", "ucr", "uch", "udcr", "udch", "is_required") VALUES (58, 2, 16, 18, 1, 'Nama Bank', NULL, NULL, 'text', NULL, 'default', NULL, NULL, NULL, NULL, 't');
INSERT INTO "public"."ref_item_tanya" ("kode_item", "kode_jenis_vendor", "kode_kat_dokumen_vendor", "kode_kat_item_tanya", "urutan", "nama_item", "keterangan", "nama_unik", "tipe_input", "metadata", "jenis_item", "ucr", "uch", "udcr", "udch", "is_required") VALUES (61, 2, 16, 18, 4, 'Scan Buku Rekening', NULL, NULL, 'file', NULL, 'default', NULL, NULL, NULL, NULL, 't');
INSERT INTO "public"."ref_item_tanya" ("kode_item", "kode_jenis_vendor", "kode_kat_dokumen_vendor", "kode_kat_item_tanya", "urutan", "nama_item", "keterangan", "nama_unik", "tipe_input", "metadata", "jenis_item", "ucr", "uch", "udcr", "udch", "is_required") VALUES (62, 2, 17, 19, 1, 'Surat Keterangan Domisili', NULL, NULL, 'file', NULL, 'default', NULL, NULL, NULL, NULL, 't');
INSERT INTO "public"."ref_item_tanya" ("kode_item", "kode_jenis_vendor", "kode_kat_dokumen_vendor", "kode_kat_item_tanya", "urutan", "nama_item", "keterangan", "nama_unik", "tipe_input", "metadata", "jenis_item", "ucr", "uch", "udcr", "udch", "is_required") VALUES (63, 2, 17, 19, 2, 'Kartu Tanda Penduduk', NULL, NULL, 'file', NULL, 'default', NULL, NULL, NULL, NULL, 't');
INSERT INTO "public"."ref_item_tanya" ("kode_item", "kode_jenis_vendor", "kode_kat_dokumen_vendor", "kode_kat_item_tanya", "urutan", "nama_item", "keterangan", "nama_unik", "tipe_input", "metadata", "jenis_item", "ucr", "uch", "udcr", "udch", "is_required") VALUES (64, 2, 17, 20, 1, 'NPWP Pribadi', NULL, NULL, 'text', NULL, 'default', NULL, NULL, NULL, NULL, 't');
INSERT INTO "public"."ref_item_tanya" ("kode_item", "kode_jenis_vendor", "kode_kat_dokumen_vendor", "kode_kat_item_tanya", "urutan", "nama_item", "keterangan", "nama_unik", "tipe_input", "metadata", "jenis_item", "ucr", "uch", "udcr", "udch", "is_required") VALUES (65, 2, 17, 20, 2, 'Scan NPWP Pribadi', NULL, NULL, 'file', NULL, 'default', NULL, NULL, NULL, NULL, 't');
INSERT INTO "public"."ref_item_tanya" ("kode_item", "kode_jenis_vendor", "kode_kat_dokumen_vendor", "kode_kat_item_tanya", "urutan", "nama_item", "keterangan", "nama_unik", "tipe_input", "metadata", "jenis_item", "ucr", "uch", "udcr", "udch", "is_required") VALUES (81, 2, 18, 21, 1, 'Pengalaman', NULL, NULL, 'table', '{"nama_tabel": "ref_pengalaman_perorangan"}', 'default', NULL, NULL, NULL, NULL, 'f');
INSERT INTO "public"."ref_item_tanya" ("kode_item", "kode_jenis_vendor", "kode_kat_dokumen_vendor", "kode_kat_item_tanya", "urutan", "nama_item", "keterangan", "nama_unik", "tipe_input", "metadata", "jenis_item", "ucr", "uch", "udcr", "udch", "is_required") VALUES (16, 1, 6, 4, 2, 'Tanggal', NULL, NULL, 'datetime-local', NULL, 'default', NULL, NULL, NULL, NULL, 'f');
INSERT INTO "public"."ref_item_tanya" ("kode_item", "kode_jenis_vendor", "kode_kat_dokumen_vendor", "kode_kat_item_tanya", "urutan", "nama_item", "keterangan", "nama_unik", "tipe_input", "metadata", "jenis_item", "ucr", "uch", "udcr", "udch", "is_required") VALUES (21, 1, 6, 5, 2, 'Tanggal', NULL, NULL, 'datetime-local', NULL, 'default', NULL, NULL, NULL, NULL, 'f');
INSERT INTO "public"."ref_item_tanya" ("kode_item", "kode_jenis_vendor", "kode_kat_dokumen_vendor", "kode_kat_item_tanya", "urutan", "nama_item", "keterangan", "nama_unik", "tipe_input", "metadata", "jenis_item", "ucr", "uch", "udcr", "udch", "is_required") VALUES (32, 1, 10, 10, 4, 'Awal', NULL, NULL, 'datetime-local', NULL, 'default', NULL, NULL, NULL, NULL, 'f');
INSERT INTO "public"."ref_item_tanya" ("kode_item", "kode_jenis_vendor", "kode_kat_dokumen_vendor", "kode_kat_item_tanya", "urutan", "nama_item", "keterangan", "nama_unik", "tipe_input", "metadata", "jenis_item", "ucr", "uch", "udcr", "udch", "is_required") VALUES (33, 1, 10, 10, 5, 'Akhir', NULL, NULL, 'datetime-local', NULL, 'default', NULL, NULL, NULL, NULL, 'f');
INSERT INTO "public"."ref_item_tanya" ("kode_item", "kode_jenis_vendor", "kode_kat_dokumen_vendor", "kode_kat_item_tanya", "urutan", "nama_item", "keterangan", "nama_unik", "tipe_input", "metadata", "jenis_item", "ucr", "uch", "udcr", "udch", "is_required") VALUES (37, 1, 10, 10, 9, 'Akhir', NULL, NULL, 'datetime-local', NULL, 'default', NULL, NULL, NULL, NULL, 'f');
INSERT INTO "public"."ref_item_tanya" ("kode_item", "kode_jenis_vendor", "kode_kat_dokumen_vendor", "kode_kat_item_tanya", "urutan", "nama_item", "keterangan", "nama_unik", "tipe_input", "metadata", "jenis_item", "ucr", "uch", "udcr", "udch", "is_required") VALUES (40, 1, 10, 10, 12, 'Awal', NULL, NULL, 'datetime-local', NULL, 'default', NULL, NULL, NULL, NULL, 'f');
INSERT INTO "public"."ref_item_tanya" ("kode_item", "kode_jenis_vendor", "kode_kat_dokumen_vendor", "kode_kat_item_tanya", "urutan", "nama_item", "keterangan", "nama_unik", "tipe_input", "metadata", "jenis_item", "ucr", "uch", "udcr", "udch", "is_required") VALUES (41, 1, 10, 10, 13, 'Akhir', NULL, NULL, 'datetime-local', NULL, 'default', NULL, NULL, NULL, NULL, 'f');
INSERT INTO "public"."ref_item_tanya" ("kode_item", "kode_jenis_vendor", "kode_kat_dokumen_vendor", "kode_kat_item_tanya", "urutan", "nama_item", "keterangan", "nama_unik", "tipe_input", "metadata", "jenis_item", "ucr", "uch", "udcr", "udch", "is_required") VALUES (49, 1, 5, 15, 4, 'Awal', NULL, NULL, 'datetime-local', NULL, 'default', NULL, NULL, NULL, NULL, 'f');
INSERT INTO "public"."ref_item_tanya" ("kode_item", "kode_jenis_vendor", "kode_kat_dokumen_vendor", "kode_kat_item_tanya", "urutan", "nama_item", "keterangan", "nama_unik", "tipe_input", "metadata", "jenis_item", "ucr", "uch", "udcr", "udch", "is_required") VALUES (50, 1, 5, 15, 5, 'Akhir', NULL, NULL, 'datetime-local', NULL, 'default', NULL, NULL, NULL, NULL, 'f');
INSERT INTO "public"."ref_item_tanya" ("kode_item", "kode_jenis_vendor", "kode_kat_dokumen_vendor", "kode_kat_item_tanya", "urutan", "nama_item", "keterangan", "nama_unik", "tipe_input", "metadata", "jenis_item", "ucr", "uch", "udcr", "udch", "is_required") VALUES (67, 2, 17, 20, 4, 'Awal', NULL, NULL, 'datetime-local', NULL, 'default', NULL, NULL, NULL, NULL, 'f');
INSERT INTO "public"."ref_item_tanya" ("kode_item", "kode_jenis_vendor", "kode_kat_dokumen_vendor", "kode_kat_item_tanya", "urutan", "nama_item", "keterangan", "nama_unik", "tipe_input", "metadata", "jenis_item", "ucr", "uch", "udcr", "udch", "is_required") VALUES (71, 2, 17, 20, 8, 'Awal', NULL, NULL, 'datetime-local', NULL, 'default', NULL, NULL, NULL, NULL, 'f');
INSERT INTO "public"."ref_item_tanya" ("kode_item", "kode_jenis_vendor", "kode_kat_dokumen_vendor", "kode_kat_item_tanya", "urutan", "nama_item", "keterangan", "nama_unik", "tipe_input", "metadata", "jenis_item", "ucr", "uch", "udcr", "udch", "is_required") VALUES (72, 2, 17, 20, 9, 'Akhir', NULL, NULL, 'datetime-local', NULL, 'default', NULL, NULL, NULL, NULL, 'f');
INSERT INTO "public"."ref_item_tanya" ("kode_item", "kode_jenis_vendor", "kode_kat_dokumen_vendor", "kode_kat_item_tanya", "urutan", "nama_item", "keterangan", "nama_unik", "tipe_input", "metadata", "jenis_item", "ucr", "uch", "udcr", "udch", "is_required") VALUES (75, 2, 17, 20, 12, 'Awal', NULL, NULL, 'datetime-local', NULL, 'default', NULL, NULL, NULL, NULL, 'f');
INSERT INTO "public"."ref_item_tanya" ("kode_item", "kode_jenis_vendor", "kode_kat_dokumen_vendor", "kode_kat_item_tanya", "urutan", "nama_item", "keterangan", "nama_unik", "tipe_input", "metadata", "jenis_item", "ucr", "uch", "udcr", "udch", "is_required") VALUES (76, 2, 17, 20, 13, 'Akhir', NULL, NULL, 'datetime-local', NULL, 'default', NULL, NULL, NULL, NULL, 'f');
INSERT INTO "public"."ref_item_tanya" ("kode_item", "kode_jenis_vendor", "kode_kat_dokumen_vendor", "kode_kat_item_tanya", "urutan", "nama_item", "keterangan", "nama_unik", "tipe_input", "metadata", "jenis_item", "ucr", "uch", "udcr", "udch", "is_required") VALUES (79, 2, 17, 20, 16, 'Awal', NULL, NULL, 'datetime-local', NULL, 'default', NULL, NULL, NULL, NULL, 'f');
INSERT INTO "public"."ref_item_tanya" ("kode_item", "kode_jenis_vendor", "kode_kat_dokumen_vendor", "kode_kat_item_tanya", "urutan", "nama_item", "keterangan", "nama_unik", "tipe_input", "metadata", "jenis_item", "ucr", "uch", "udcr", "udch", "is_required") VALUES (80, 2, 17, 20, 17, 'Akhir', NULL, NULL, 'datetime-local', NULL, 'default', NULL, NULL, NULL, NULL, 'f');
INSERT INTO "public"."ref_item_tanya" ("kode_item", "kode_jenis_vendor", "kode_kat_dokumen_vendor", "kode_kat_item_tanya", "urutan", "nama_item", "keterangan", "nama_unik", "tipe_input", "metadata", "jenis_item", "ucr", "uch", "udcr", "udch", "is_required") VALUES (82, 2, 18, 22, 1, 'Sertifikat Keahlian atau Ijazah Terakhir', NULL, NULL, 'table', '{"nama_tabel": "ref_domisili"}', 'default', NULL, NULL, NULL, NULL, 'f');
INSERT INTO "public"."ref_item_tanya" ("kode_item", "kode_jenis_vendor", "kode_kat_dokumen_vendor", "kode_kat_item_tanya", "urutan", "nama_item", "keterangan", "nama_unik", "tipe_input", "metadata", "jenis_item", "ucr", "uch", "udcr", "udch", "is_required") VALUES (1, 1, 1, 1, 1, 'Pakta Integritas', 'Tidak akan melakukan praktek Korupsi, Kolusi, dan Nepotisme|Akan melaporkan kepada PA/KPA jika mengetahui terjadinya praktik Korupsi, Kolusi, dan Nepotisme dalam proses pengadaan ini|Akan mengikuti proses pengadaan secara bersih, transparan, dan profesional untuk memberikan hasil kerja terbaik sesuai ketentuan peraturan perundang-undangan dan|Apabila melanggar hal-hal yang dinyatakan dalam angka 1), 2) dan 3) maka bersedia menerima sanksi sesuai dengan peraturan perundang-undangan.', 'pakta_integritas_1', 'checkbox', NULL, 'default', NULL, NULL, NULL, NULL, 'f');
INSERT INTO "public"."ref_item_tanya" ("kode_item", "kode_jenis_vendor", "kode_kat_dokumen_vendor", "kode_kat_item_tanya", "urutan", "nama_item", "keterangan", "nama_unik", "tipe_input", "metadata", "jenis_item", "ucr", "uch", "udcr", "udch", "is_required") VALUES (8, 1, 2, 2, 7, 'Email', NULL, NULL, 'email', NULL, 'default', NULL, NULL, NULL, NULL, 'f');
INSERT INTO "public"."ref_item_tanya" ("kode_item", "kode_jenis_vendor", "kode_kat_dokumen_vendor", "kode_kat_item_tanya", "urutan", "nama_item", "keterangan", "nama_unik", "tipe_input", "metadata", "jenis_item", "ucr", "uch", "udcr", "udch", "is_required") VALUES (36, 1, 10, 10, 8, 'Awal', NULL, NULL, 'datetime-local', NULL, 'default', NULL, NULL, NULL, NULL, 'f');
INSERT INTO "public"."ref_item_tanya" ("kode_item", "kode_jenis_vendor", "kode_kat_dokumen_vendor", "kode_kat_item_tanya", "urutan", "nama_item", "keterangan", "nama_unik", "tipe_input", "metadata", "jenis_item", "ucr", "uch", "udcr", "udch", "is_required") VALUES (68, 2, 17, 20, 5, 'Akhir', NULL, NULL, 'datetime-local', NULL, 'default', NULL, NULL, NULL, NULL, 'f');
INSERT INTO "public"."ref_item_tanya" ("kode_item", "kode_jenis_vendor", "kode_kat_dokumen_vendor", "kode_kat_item_tanya", "urutan", "nama_item", "keterangan", "nama_unik", "tipe_input", "metadata", "jenis_item", "ucr", "uch", "udcr", "udch", "is_required") VALUES (57, 2, 16, 17, 5, 'Email', NULL, NULL, 'email', NULL, 'default', NULL, NULL, NULL, NULL, 't');



-- ref_tipe_input
INSERT INTO "public"."ref_tipe_input" ("tipe_input", "regex_validation") VALUES ('button', NULL);
INSERT INTO "public"."ref_tipe_input" ("tipe_input", "regex_validation") VALUES ('checkbox', NULL);
INSERT INTO "public"."ref_tipe_input" ("tipe_input", "regex_validation") VALUES ('color', NULL);
INSERT INTO "public"."ref_tipe_input" ("tipe_input", "regex_validation") VALUES ('date', NULL);
INSERT INTO "public"."ref_tipe_input" ("tipe_input", "regex_validation") VALUES ('datetime-local', NULL);
INSERT INTO "public"."ref_tipe_input" ("tipe_input", "regex_validation") VALUES ('email', NULL);
INSERT INTO "public"."ref_tipe_input" ("tipe_input", "regex_validation") VALUES ('file', NULL);
INSERT INTO "public"."ref_tipe_input" ("tipe_input", "regex_validation") VALUES ('hidden', NULL);
INSERT INTO "public"."ref_tipe_input" ("tipe_input", "regex_validation") VALUES ('image', NULL);
INSERT INTO "public"."ref_tipe_input" ("tipe_input", "regex_validation") VALUES ('month', NULL);
INSERT INTO "public"."ref_tipe_input" ("tipe_input", "regex_validation") VALUES ('number', NULL);
INSERT INTO "public"."ref_tipe_input" ("tipe_input", "regex_validation") VALUES ('password', NULL);
INSERT INTO "public"."ref_tipe_input" ("tipe_input", "regex_validation") VALUES ('radio', NULL);
INSERT INTO "public"."ref_tipe_input" ("tipe_input", "regex_validation") VALUES ('range', NULL);
INSERT INTO "public"."ref_tipe_input" ("tipe_input", "regex_validation") VALUES ('reset', NULL);
INSERT INTO "public"."ref_tipe_input" ("tipe_input", "regex_validation") VALUES ('search', NULL);
INSERT INTO "public"."ref_tipe_input" ("tipe_input", "regex_validation") VALUES ('select', NULL);
INSERT INTO "public"."ref_tipe_input" ("tipe_input", "regex_validation") VALUES ('submit', NULL);
INSERT INTO "public"."ref_tipe_input" ("tipe_input", "regex_validation") VALUES ('table', NULL);
INSERT INTO "public"."ref_tipe_input" ("tipe_input", "regex_validation") VALUES ('tel', NULL);
INSERT INTO "public"."ref_tipe_input" ("tipe_input", "regex_validation") VALUES ('text', NULL);
INSERT INTO "public"."ref_tipe_input" ("tipe_input", "regex_validation") VALUES ('textarea', NULL);
INSERT INTO "public"."ref_tipe_input" ("tipe_input", "regex_validation") VALUES ('time', NULL);
INSERT INTO "public"."ref_tipe_input" ("tipe_input", "regex_validation") VALUES ('url', NULL);
INSERT INTO "public"."ref_tipe_input" ("tipe_input", "regex_validation") VALUES ('week', NULL);




-- TRUNCATE TABLE ref_kelompok_item_penilaian CASCADE;
INSERT INTO ref_kelompok_item_penilaian ("kode_kelompok_item_penilaian", "nama_kelompok") VALUES (1, 'Data Diri');
INSERT INTO ref_kelompok_item_penilaian ("kode_kelompok_item_penilaian", "nama_kelompok") VALUES (2, 'Administrasi');
INSERT INTO ref_kelompok_item_penilaian ("kode_kelompok_item_penilaian", "nama_kelompok") VALUES (3, 'Teknis');
INSERT INTO ref_kelompok_item_penilaian ("kode_kelompok_item_penilaian", "nama_kelompok") VALUES (4, 'Keuangan');


-- TRUNCATE TABLE ref_item_penilaian CASCADE;
INSERT INTO ref_item_penilaian ("kode_item_penilaian", "kode_kelompok_item_penilaian", "nama_item", "perusahaan", "perorangan") VALUES (1, 1, 'Data Diri', 't', 't');
INSERT INTO ref_item_penilaian ("kode_item_penilaian", "kode_kelompok_item_penilaian", "nama_item", "perusahaan", "perorangan") VALUES (2, 2, 'Administrasi', 'f', 't');
INSERT INTO ref_item_penilaian ("kode_item_penilaian", "kode_kelompok_item_penilaian", "nama_item", "perusahaan", "perorangan") VALUES (3, 2, 'Landasan Hukum Pendirian Badan Usaha', 't', 'f');
INSERT INTO ref_item_penilaian ("kode_item_penilaian", "kode_kelompok_item_penilaian", "nama_item", "perusahaan", "perorangan") VALUES (4, 2, 'Pengurus Badan Usaha', 't', 'f');
INSERT INTO ref_item_penilaian ("kode_item_penilaian", "kode_kelompok_item_penilaian", "nama_item", "perusahaan", "perorangan") VALUES (5, 2, 'Izin Usaha dan Tanda Daftar Perusahaan', 't', 'f');
INSERT INTO ref_item_penilaian ("kode_item_penilaian", "kode_kelompok_item_penilaian", "nama_item", "perusahaan", "perorangan") VALUES (6, 2, 'Susunan Kepemilikan Saham / Persero', 't', 'f');
INSERT INTO ref_item_penilaian ("kode_item_penilaian", "kode_kelompok_item_penilaian", "nama_item", "perusahaan", "perorangan") VALUES (7, 2, 'Data Keuangan', 't', 'f');
INSERT INTO ref_item_penilaian ("kode_item_penilaian", "kode_kelompok_item_penilaian", "nama_item", "perusahaan", "perorangan") VALUES (8, 3, 'Teknis', 'f', 't');
INSERT INTO ref_item_penilaian ("kode_item_penilaian", "kode_kelompok_item_penilaian", "nama_item", "perusahaan", "perorangan") VALUES (9, 3, 'Data Personalia', 't', 'f');
INSERT INTO ref_item_penilaian ("kode_item_penilaian", "kode_kelompok_item_penilaian", "nama_item", "perusahaan", "perorangan") VALUES (10, 3, 'Data Fasilitas/Peralatan/Perlengkapan', 't', 'f');
INSERT INTO ref_item_penilaian ("kode_item_penilaian", "kode_kelompok_item_penilaian", "nama_item", "perusahaan", "perorangan") VALUES (11, 3, 'Pengalaman dalam kurun waktu 10 tahun', 't', 'f');
INSERT INTO ref_item_penilaian ("kode_item_penilaian", "kode_kelompok_item_penilaian", "nama_item", "perusahaan", "perorangan") VALUES (12, 3, 'Pengalaman dalam kurun waktu 3 tahun', 't', 'f');
INSERT INTO ref_item_penilaian ("kode_item_penilaian", "kode_kelompok_item_penilaian", "nama_item", "perusahaan", "perorangan") VALUES (13, 3, 'Pekerjaan yang sedang dikerjakan', 't', 'f');
INSERT INTO ref_item_penilaian ("kode_item_penilaian", "kode_kelompok_item_penilaian", "nama_item", "perusahaan", "perorangan") VALUES (14, 4, 'Keuangan', 't', 'f');




-- TRUNCATE TABLE ref_cabang_ut CASCADE;





